,,0
0,Country,Afghanistan
0,Country Code,AFG
0,1960,8996967
0,1964,9744772
0,1968,10637064
0,1972,11791222
0,1976,12943093
0,1980,13356500
0,1984,12204306
0,1988,11618008
0,1992,14485543
0,1996,18853444
0,2000,20779957
0,2004,24726689
0,2008,27722281
0,2012,31161378
0,2016,35383028
0,2020,38928341
1,Country,Africa Eastern and Southern
1,Country Code,AFE
1,1960,130836765
1,1964,144920186
1,1968,161156430
1,1972,180141148
1,1976,202205766
1,1980,227305945
1,1984,255530063
1,1988,287524258
1,1992,322270073
1,1996,358953595
1,2000,398113044
1,2004,441630149
1,2008,491173160
1,2012,547482863
1,2016,609978946
1,2020,677243299
2,Country,Africa Western and Central
2,Country Code,AFW
2,1960,96396419
2,1964,104953470
2,1968,114781116
2,1972,126218502
2,1976,139813171
2,1980,155882270
2,1984,173991851
2,1988,194070079
2,1992,215976366
2,1996,240114179
2,2000,267214544
2,2004,297353098
2,2008,331772330
2,2012,370243017
2,2016,412551299
2,2020,458803476
3,Country,Albania
3,Country Code,ALB
3,1960,1608800
3,1964,1814135
3,1968,2022272
3,1972,2243126
3,1976,2458526
3,1980,2671997
3,1984,2904429
3,1988,3142336
3,1992,3247039
3,1996,3168033
3,2000,3089027
3,2004,3026939
3,2008,2947314
3,2012,2900401
3,2016,2876101
3,2020,2837743
4,Country,Algeria
4,Country Code,DZA
4,1960,11057864
4,1964,12221675
4,1968,13663581
4,1972,15285992
4,1976,17085799
4,1980,19221659
4,1984,21763578
4,1988,24443472
4,1992,27028330
4,1996,29266415
4,2000,31042238
4,2004,32692153
4,2008,34730604
4,2012,37383899
4,2016,40551398
4,2020,43851043
5,Country,American Samoa
5,Country Code,ASM
5,1960,20127
5,1964,22850
5,1968,25980
5,1972,28564
5,1976,30455
5,1980,32648
5,1984,37946
5,1988,44346
5,1992,49900
5,1996,54209
5,2000,57816
5,2004,59684
5,2008,57490
5,2012,55669
5,2016,55739
5,2020,55197
6,Country,Andorra
6,Country Code,AND
6,1960,13410
6,1964,17466
6,1968,21886
6,1972,26885
6,1976,31782
6,1980,36063
6,1984,42706
6,1988,50433
6,1992,58882
6,1996,64363
6,2000,65390
6,2004,76250
6,2008,83860
6,2012,82427
6,2016,77295
6,2020,77265
7,Country,Angola
7,Country Code,AGO
7,1960,5454938
7,1964,5734995
7,1968,5771973
7,1972,6248965
7,1976,7279630
7,1980,8341290
7,1984,9614756
7,1988,11068051
7,1992,12657361
7,1996,14400722
7,2000,16395477
7,2004,18758138
7,2008,21695636
7,2012,25107925
7,2016,28842482
7,2020,32866268
8,Country,Antigua and Barbuda
8,Country Code,ATG
8,1960,54132
8,1964,57641
8,1968,62523
8,1972,64134
8,1976,62353
8,1980,61861
8,1984,61784
8,1988,61758
8,1992,64459
8,1996,70176
8,2000,76007
8,2004,80347
8,2008,85394
8,2012,90407
8,2016,94520
8,2020,97928
9,Country,Arab World
9,Country Code,ARB
9,1960,92197715
9,1964,102832792
9,1968,115136161
9,1972,128598743
9,1976,144453278
9,1980,164420771
9,1984,186035280
9,1988,208889669
9,1992,232956364
9,1996,259000937
9,2000,282344141
9,2004,307862846
9,2008,338395936
9,2012,371437642
9,2016,404042892
9,2020,436080728
10,Country,Argentina
10,Country Code,ARG
10,1960,20481781
10,1964,21824427
10,1968,23168268
10,1972,24653172
10,1976,26264681
10,1980,27896532
10,1984,29737097
10,1988,31668939
10,1992,33529320
10,1996,35246376
10,2000,36870796
10,2004,38491970
10,2008,40080159
10,2012,41733271
10,2016,43590368
10,2020,45376763
11,Country,Armenia
11,Country Code,ARM
11,1960,1874119
11,1964,2145004
11,1968,2401142
11,1972,2650484
11,1976,2889583
11,1980,3099759
11,1984,3285593
11,1988,3504667
11,1992,3442820
11,1996,3168213
11,2000,3069597
11,2004,3000715
11,2008,2907615
11,2012,2884239
11,2016,2936147
11,2020,2963234
12,Country,Aruba
12,Country Code,ABW
12,1960,54208
12,1964,57029
12,1968,58377
12,1972,59849
12,1976,60586
12,1980,60097
12,1984,62826
12,1988,61072
12,1992,68240
12,1996,83211
12,2000,90866
12,2004,98744
12,2008,101362
12,2012,102565
12,2016,104865
12,2020,106766
13,Country,Australia
13,Country Code,AUS
13,1960,10276477
13,1964,11167000
13,1968,12009000
13,1972,13177000
13,1976,14033000
13,1980,14692000
13,1984,15544000
13,1988,16532200
13,1992,17495000
13,1996,18311000
13,2000,19153000
13,2004,20127400
13,2008,21249200
13,2012,22733465
13,2016,24190907
13,2020,25687041
14,Country,Austria
14,Country Code,AUT
14,1960,7047539
14,1964,7223801
14,1968,7415403
14,1972,7544201
14,1976,7565525
14,1980,7549433
14,1984,7561434
14,1988,7585317
14,1992,7840709
14,1996,7959017
14,2000,8011566
14,2004,8171966
14,2008,8321496
14,2012,8429991
14,2016,8736668
14,2020,8917205
15,Country,Azerbaijan
15,Country Code,AZE
15,1960,3895398
15,1964,4456691
15,1968,4960237
15,1972,5385266
15,1976,5768730
15,1980,6150735
15,1984,6557581
15,1988,7010027
15,1992,7382000
15,1996,7763000
15,2000,8048600
15,2004,8306500
15,2008,8763400
15,2012,9295784
15,2016,9757812
15,2020,10110116
16,Country,"Bahamas, The"
16,Country Code,BHS
16,1960,109532
16,1964,133705
16,1968,158648
16,1972,177863
16,1976,192903
16,1980,210589
16,1984,229913
16,1988,247451
16,1992,266028
16,1996,283980
16,2000,298045
16,2004,318893
16,2008,343680
16,2012,363581
16,2016,377923
16,2020,393248
17,Country,Bahrain
17,Country Code,BHR
17,1960,162429
17,1964,182888
17,1968,200652
17,1972,229151
17,1976,283746
17,1980,359897
17,1984,407233
17,1988,465198
17,1992,523082
17,1996,578661
17,2000,664610
17,2004,829846
17,2008,1114645
17,2012,1299942
17,2016,1425793
17,2020,1701583
18,Country,Bangladesh
18,Country Code,BGD
18,1960,48013505
18,1964,53741721
18,1968,60918452
18,1972,66625706
18,1976,71652386
18,1980,79639498
18,1984,88416529
18,1988,98186350
18,1992,107983708
18,1996,117649927
18,2000,127657862
18,2004,136986429
18,2008,144304164
18,2012,151005733
18,2016,157977151
18,2020,164689383
19,Country,Barbados
19,Country Code,BRB
19,1960,230985
19,1964,234588
19,1968,237241
19,1972,241523
19,1976,247584
19,1980,252388
19,1984,255493
19,1988,258970
19,1992,262890
19,1996,267047
19,2000,271511
19,2004,275283
19,2008,279946
19,2012,283698
19,2016,285798
19,2020,287371
20,Country,Belarus
20,Country Code,BLR
20,1960,8198000
20,1964,8524224
20,1968,8874552
20,1972,9188968
20,1976,9411000
20,1980,9643000
20,1984,9910000
20,1988,10140000
20,1992,10216000
20,1996,10160000
20,2000,9979610
20,2004,9730146
20,2008,9527985
20,2012,9464495
20,2016,9501534
20,2020,9398861
21,Country,Belgium
21,Country Code,BEL
21,1960,9153489
21,1964,9378113
21,1968,9618756
21,1972,9711115
21,1976,9818227
21,1980,9859242
21,1984,9855372
21,1988,9901664
21,1992,10045158
21,1996,10156637
21,2000,10251250
21,2004,10421137
21,2008,10709973
21,2012,11106932
21,2016,11331422
21,2020,11555997
22,Country,Belize
22,Country Code,BLZ
22,1960,92068
22,1964,103069
22,1968,116065
22,1972,127152
22,1976,135143
22,1980,144142
22,1984,160341
22,1988,179023
22,1992,194324
22,1996,213660
22,2000,247310
22,2004,276516
22,2008,306822
22,2012,338001
22,2016,368399
22,2020,397621
23,Country,Benin
23,Country Code,BEN
23,1960,2431617
23,1964,2585961
23,1968,2791588
23,1972,3043563
23,1976,3347169
23,1980,3717161
23,1984,4156819
23,1988,4672844
23,1992,5331805
23,1996,6094272
23,2000,6865946
23,2004,7750003
23,2008,8696915
23,2012,9729254
23,2016,10872072
23,2020,12123198
24,Country,Bermuda
24,Country Code,BMU
24,1960,44400
24,1964,48900
24,1968,53000
24,1972,54200
24,1976,53200
24,1980,54670
24,1984,56423
24,1988,58347
24,1992,58595
24,1996,60129
24,2000,61833
24,2004,63740
24,2008,65273
24,2012,64798
24,2016,64554
24,2020,63903
25,Country,Bhutan
25,Country Code,BTN
25,1960,223284
25,1964,246961
25,1968,278731
25,1972,316822
25,1976,359721
25,1980,406883
25,1984,451471
25,1988,509532
25,1992,534525
25,1996,541471
25,2000,591014
25,2004,638809
25,2008,671611
25,2012,701582
25,2016,736706
25,2020,771612
26,Country,Bolivia
26,Country Code,BOL
26,1960,3656961
26,1964,3957759
26,1968,4297522
26,1972,4682392
26,1976,5113458
26,1980,5579932
26,1984,6054126
26,1988,6580318
26,1992,7160917
26,1996,7779268
26,2000,8418270
26,2004,9069044
26,2008,9721457
26,2012,10377677
26,2016,11031822
26,2020,11673029
27,Country,Bosnia and Herzegovina
27,Country Code,BIH
27,1960,3225664
27,1964,3478999
27,1968,3675448
27,1972,3851153
27,1976,4025271
27,1980,4179850
27,1984,4350566
27,1988,4509462
27,1992,4233673
27,1996,3764419
27,2000,3751176
27,2004,3764194
27,2008,3754261
27,2012,3604972
27,2016,3386263
27,2020,3280815
28,Country,Botswana
28,Country Code,BWA
28,1960,502733
28,1964,547870
28,1968,596946
28,1972,667096
28,1976,769982
28,1980,897860
28,1984,1031439
28,1988,1200073
28,1992,1363541
28,1996,1504724
28,2000,1643333
28,2004,1765533
28,2008,1915636
28,2012,2039551
28,2016,2159925
28,2020,2351625
29,Country,Brazil
29,Country Code,BRA
29,1960,72179235
29,1964,81064572
29,1968,90387079
29,1972,99859388
29,1976,109790943
29,1980,120694012
29,1984,132383569
29,1988,143627505
29,1992,154259382
29,1996,164614682
29,2000,174790339
29,2004,184006479
29,2008,192030362
29,2012,199287292
29,2016,206163056
29,2020,212559409
30,Country,British Virgin Islands
30,Country Code,VGB
30,1960,8053
30,1964,8644
30,1968,9427
30,1972,10210
30,1976,10821
30,1980,11471
30,1984,13317
30,1988,16155
30,1992,18443
30,1996,19508
30,2000,20313
30,2004,22329
30,2008,26096
30,2012,28654
30,2016,29355
30,2020,30237
31,Country,Brunei Darussalam
31,Country Code,BRN
31,1960,81707
31,1964,97819
31,1968,117897
31,1972,142015
31,1976,168173
31,1980,193880
31,1984,218176
31,1988,244405
31,1992,273888
31,1996,304620
31,2000,333166
31,2004,359434
31,2008,379418
31,2012,398997
31,2016,419791
31,2020,437483
32,Country,Bulgaria
32,Country Code,BGR
32,1960,7867374
32,1964,8144340
32,1968,8369603
32,1972,8576200
32,1976,8758599
32,1980,8861535
32,1984,8960679
32,1988,8981446
32,1992,8540164
32,1996,8362826
32,2000,8170172
32,2004,7716860
32,2008,7492561
32,2012,7305888
32,2016,7127822
32,2020,6927288
33,Country,Burkina Faso
33,Country Code,BFA
33,1960,4829289
33,1964,5098891
33,1968,5434046
33,1972,5825174
33,1976,6274032
33,1980,6822837
33,1984,7531239
33,1988,8356313
33,1992,9297110
33,1996,10372734
33,2000,11607951
33,2004,13030576
33,2008,14689725
33,2012,16571252
33,2016,18646350
33,2020,20903278
34,Country,Burundi
34,Country Code,BDI
34,1960,2797925
34,1964,3026292
34,1968,3336930
34,1972,3569655
34,1976,3770870
34,1980,4157296
34,1984,4621096
34,1988,5168703
34,1992,5685569
34,1996,6060110
34,2000,6378871
34,2004,7131688
34,2008,8126104
34,2012,9245992
34,2016,10488002
34,2020,11890781
35,Country,Cabo Verde
35,Country Code,CPV
35,1960,201770
35,1964,222949
35,1968,256169
35,1972,271841
35,1976,271345
35,1980,283848
35,1984,306140
35,1988,325744
35,1992,355763
35,1996,395533
35,2000,428178
35,2004,456619
35,2008,480846
35,2012,505241
35,2016,531140
35,2020,555988
36,Country,Cambodia
36,Country Code,KHM
36,1960,5722372
36,1964,6331443
36,1968,6779778
36,1972,7302114
36,1976,7404687
36,1980,6693759
36,1984,7447844
36,1988,8435909
36,1992,9623899
36,1996,10982919
36,2000,12155241
36,2004,13066475
36,2008,13883835
36,2012,14780454
36,2016,15766290
36,2020,16718971
37,Country,Cameroon
37,Country Code,CMR
37,1960,5176920
37,1964,5643039
37,1968,6201410
37,1972,6867170
37,1976,7664398
37,1980,8621409
37,1984,9757849
37,1988,11075423
37,1992,12499499
37,1996,13970812
37,2000,15513944
37,2004,17259322
37,2008,19252674
37,2012,21485267
37,2016,23926549
37,2020,26545864
38,Country,Canada
38,Country Code,CAN
38,1960,17909009
38,1964,19325000
38,1968,20744000
38,1972,22218463
38,1976,23449808
38,1980,24515667
38,1984,25607053
38,1988,26791747
38,1992,28371264
38,1996,29610218
38,2000,30685730
38,2004,31940655
38,2008,33247118
38,2012,34714222
38,2016,36109487
38,2020,38005238
39,Country,Caribbean small states
39,Country Code,CSS
39,1960,4194711
39,1964,4508189
39,1968,4773890
39,1972,5012600
39,1976,5246547
39,1980,5482191
39,1984,5751508
39,1988,5930153
39,1992,6112784
39,1996,6331277
39,2000,6513486
39,2004,6696985
39,2008,6878973
39,2012,7072640
39,2016,7269385
39,2020,7442291
40,Country,Cayman Islands
40,Country Code,CYM
40,1960,7870
40,1964,8299
40,1968,8638
40,1972,10135
40,1976,13023
40,1980,16207
40,1984,18662
40,1988,22775
40,1992,27784
40,1996,34065
40,2000,42305
40,2004,47899
40,2008,53835
40,2012,58963
40,2016,62564
40,2020,65720
41,Country,Central African Republic
41,Country Code,CAF
41,1960,1501668
41,1964,1608618
41,1968,1744198
41,1972,1867786
41,1976,1997017
41,1980,2199359
41,1984,2478382
41,1988,2693974
41,1992,2959236
41,1996,3308235
41,2000,3640421
41,2004,3959883
41,2008,4273368
41,2012,4436411
41,2016,4537683
41,2020,4829764
42,Country,Central Europe and the Baltics
42,Country Code,CEB
42,1960,91401764
42,1964,94715795
42,1968,97884022
42,1972,100357161
42,1976,103776068
42,1980,106541316
42,1984,108838073
42,1988,110686740
42,1992,110111454
42,1996,109626194
42,2000,108447824
42,2004,106331716
42,2008,105001883
42,2012,103935318
42,2016,102994278
42,2020,102246330
43,Country,Chad
43,Country Code,TCD
43,1960,3001604
43,1964,3246527
43,1968,3499370
43,1972,3815253
43,1976,4173131
43,1980,4514427
43,1984,4957561
43,1988,5589624
43,1992,6356741
43,1996,7250974
43,2000,8355654
43,2004,9734761
43,2008,11183589
43,2012,12784748
43,2016,14561658
43,2020,16425859
44,Country,Channel Islands
44,Country Code,CHI
44,1960,109419
44,1964,113777
44,1968,118725
44,1972,123611
44,1976,126908
44,1980,128204
44,1984,132445
44,1988,138250
44,1992,142006
44,1996,144348
44,2000,148439
44,2004,150722
44,2008,156441
44,2012,162051
44,2016,166922
44,2020,173859
45,Country,Chile
45,Country Code,CHL
45,1960,8132988
45,1964,8821855
45,1968,9468851
45,1972,10103675
45,1976,10756876
45,1980,11419350
45,1984,12078137
45,1988,12847712
45,1992,13719818
45,1996,14587367
45,2000,15342350
45,2004,16014972
45,2008,16708255
45,2012,17400359
45,2016,18209072
45,2020,19116209
46,Country,China
46,Country Code,CHN
46,1960,667070000
46,1964,698355000
46,1968,774510000
46,1972,862030000
46,1976,930685000
46,1980,981235000
46,1984,1036825000
46,1988,1101630000
46,1992,1164970000
46,1996,1217550000
46,2000,1262645000
46,2004,1296075000
46,2008,1324655000
46,2012,1350695000
46,2016,1378665000
46,2020,1402112000
47,Country,Colombia
47,Country Code,COL
47,1960,16057714
47,1964,18175187
47,1968,20393704
47,1972,22516429
47,1976,24608102
47,1980,26900508
47,1984,29331230
47,1988,31822527
47,1992,34422568
47,1996,37076387
47,2000,39629965
47,2004,42075953
47,2008,44254972
47,2012,46075721
47,2016,48175048
47,2020,50882884
48,Country,Comoros
48,Country Code,COM
48,1960,191122
48,1964,203762
48,1968,220574
48,1972,239229
48,1976,265958
48,1980,307831
48,1984,345455
48,1988,387964
48,1992,436454
48,1996,488625
48,2000,542358
48,2004,597230
48,2008,657227
48,2012,723865
48,2016,795597
48,2020,869595
49,Country,"Congo, Dem. Rep."
49,Country Code,COD
49,1960,15248256
49,1964,16903830
49,1968,18913874
49,1972,21121360
49,1976,23560470
49,1980,26358905
49,1984,29119663
49,1988,32443784
49,1992,37333917
49,1996,42757239
49,2000,47105830
49,2004,53068869
49,2008,60411195
49,2012,69020749
49,2016,78789130
49,2020,89561404
50,Country,"Congo, Rep."
50,Country Code,COG
50,1960,1018254
50,1964,1125354
50,1968,1253761
50,1972,1406510
50,1976,1582361
50,1980,1777932
50,1984,1996994
50,1988,2231462
50,1992,2489945
50,1996,2785815
50,2000,3127420
50,2004,3510468
50,2008,4011487
50,2012,4510197
50,2016,4980996
50,2020,5518092
51,Country,Costa Rica
51,Country Code,CRI
51,1960,1330787
51,1964,1539942
51,1968,1747690
51,1972,1944170
51,1976,2148681
51,1980,2389973
51,1984,2664220
51,1988,2960932
51,1992,3286525
51,1996,3632361
51,2000,3962369
51,2004,4225156
51,2008,4463123
51,2012,4688003
51,2016,4899336
51,2020,5094114
52,Country,Cote d'Ivoire
52,Country Code,CIV
52,1960,3503559
52,1964,4071411
52,1968,4713134
52,1972,5576026
52,1976,6713949
52,1980,8033652
52,1984,9530103
52,1988,11094740
52,1992,12812428
52,1996,14665125
52,2000,16454660
52,2004,17970493
52,2008,19605568
52,2012,21547188
52,2016,23822726
52,2020,26378275
53,Country,Croatia
53,Country Code,HRV
53,1960,4140181
53,1964,4252876
53,1968,4365628
53,1972,4450564
53,1976,4535934
53,1980,4599782
53,1984,4680285
53,1988,4755207
53,1992,4575818
53,1996,4557097
53,2000,4468302
53,2004,4304600
53,2008,4309705
53,2012,4267558
53,2016,4174349
53,2020,4047200
54,Country,Cuba
54,Country Code,CUB
54,1960,7141241
54,1964,7793258
54,1968,8413549
54,1972,9025347
54,1976,9554186
54,1980,9849457
54,1984,10031651
54,1988,10397519
54,1992,10736386
54,1996,10939285
54,2000,11126423
54,2004,11250369
54,2008,11236975
54,2012,11257112
54,2016,11335108
54,2020,11326616
55,Country,Curacao
55,Country Code,CUW
55,1960,124826
55,1964,133148
55,1968,140298
55,1972,147710
55,1976,149399
55,1980,148041
55,1984,151940
55,1988,149254
55,1992,143912
55,1996,146306
55,2000,133860
55,2004,134192
55,2008,145880
55,2012,152088
55,2016,159664
55,2020,155014
56,Country,Cyprus
56,Country Code,CYP
56,1960,572933
56,1964,578628
56,1968,598495
56,1972,628002
56,1976,657524
56,1980,685408
56,1984,697715
56,1988,736476
56,1992,800610
56,1996,873426
56,2000,943288
56,2004,1010410
56,2008,1081568
56,2012,1135046
56,2016,1170189
56,2020,1207361
57,Country,Czech Republic
57,Country Code,CZE
57,1960,9602006
57,1964,9727804
57,1968,9876346
57,1972,9867632
57,1976,10125939
57,1980,10304193
57,1984,10330213
57,1988,10355276
57,1992,10319123
57,1996,10315241
57,2000,10255063
57,2004,10197101
57,2008,10384603
57,2012,10510785
57,2016,10566332
57,2020,10698896
58,Country,Denmark
58,Country Code,DNK
58,1960,4579603
58,1964,4722072
58,1968,4864883
58,1972,4991596
58,1976,5072596
58,1980,5123027
58,1984,5111619
58,1988,5129516
58,1992,5171370
58,1996,5263074
58,2000,5339616
58,2004,5404523
58,2008,5493621
58,2012,5591572
58,2016,5728010
58,2020,5831404
59,Country,Djibouti
59,Country Code,DJI
59,1960,83634
59,1964,107582
59,1968,140462
59,1972,179237
59,1976,248556
59,1980,358960
59,1984,406018
59,1988,528993
59,1992,615050
59,1996,643649
59,2000,717577
59,2004,771599
59,2008,816361
59,2012,868136
59,2016,929117
59,2020,988002
60,Country,Dominica
60,Country Code,DMA
60,1960,60020
60,1964,63921
60,1968,69034
60,1972,71731
60,1976,72662
60,1980,75318
60,1984,73846
60,1988,71212
60,1992,70546
60,1996,70933
60,2000,69650
60,2004,70387
60,2008,70829
60,2012,70954
60,2016,71307
60,2020,71991
61,Country,Dominican Republic
61,Country Code,DOM
61,1960,3294222
61,1964,3757123
61,1968,4247559
61,1972,4755464
61,1976,5275767
61,1980,5803929
61,1984,6331760
61,1988,6863438
61,1992,7408339
61,1996,7952766
61,2000,8471317
61,2004,8974444
61,2008,9458079
61,2012,9930916
61,2016,10397738
61,2020,10847904
62,Country,Early-demographic dividend
62,Country Code,EAR
62,1960,980003345
62,1964,1077531237
62,1968,1187474694
62,1972,1309397210
62,1976,1442862522
62,1980,1589897378
62,1984,1758863284
62,1988,1937278919
62,1992,2117785781
62,1996,2294576653
62,2000,2472852816
62,2004,2646483605
62,2008,2820636607
62,2012,2994346938
62,2016,3164439749
62,2020,3332105361
63,Country,East Asia & Pacific
63,Country Code,EAS
63,1960,1041673567
63,1964,1109291332
63,1968,1224481196
63,1972,1355934840
63,1976,1467572978
63,1980,1559219642
63,1984,1659196213
63,1988,1767394678
63,1992,1872676768
63,1996,1965146473
63,2000,2047640091
63,2004,2115458625
63,2008,2177119138
63,2012,2236817711
63,2016,2298500738
63,2020,2352037717
64,Country,East Asia & Pacific (excluding high income)
64,Country Code,EAP
64,1960,894875757
64,1964,952494226
64,1968,1057848841
64,1972,1176909425
64,1976,1277786882
64,1980,1360437112
64,1984,1451901724
64,1988,1553548236
64,1992,1652528279
64,1996,1738949771
64,2000,1816455800
64,2004,1880248912
64,2008,1938057262
64,2012,1994389913
64,2016,2053107304
64,2020,2105003391
65,Country,East Asia & Pacific (IDA & IBRD countries)
65,Country Code,TEA
65,1960,883445587
65,1964,940205341
65,1968,1044230688
65,1972,1161692236
65,1976,1261221802
65,1980,1342952249
65,1984,1433295157
65,1988,1533819032
65,1992,1631566861
65,1996,1716810410
65,2000,1793498345
65,2004,1856486255
65,2008,1913718217
65,2012,1969561377
65,2016,2027772092
65,2020,2079198305
66,Country,Ecuador
66,Country Code,ECU
66,1960,4543658
66,1964,5093848
66,1968,5725462
66,1972,6429377
66,1976,7187794
66,1980,7989178
66,1984,8843463
66,1988,9755576
66,1992,10716131
66,1996,11703169
66,2000,12681123
66,2004,13596390
66,2008,14535740
66,2012,15474099
66,2016,16491116
66,2020,17643060
67,Country,"Egypt, Arab Rep."
67,Country Code,EGY
67,1960,26632891
67,1964,29644875
67,1968,32881852
67,1972,36102670
67,1976,39422731
67,1980,43309063
67,1984,47968643
67,1988,53399243
67,1992,58666812
67,1996,63601632
67,2000,68831561
67,2004,74172073
67,2008,79636081
67,2012,86422240
67,2016,94447071
67,2020,102334403
68,Country,El Salvador
68,Country Code,SLV
68,1960,2766319
68,1964,3109571
68,1968,3481624
68,1972,3867310
68,1976,4247508
68,1980,4591135
68,1984,4871041
68,1988,5133273
68,1992,5416327
68,1996,5689943
68,2000,5887930
68,2004,6023801
68,2008,6131767
68,2012,6237922
68,2016,6356137
68,2020,6486201
69,Country,Equatorial Guinea
69,Country Code,GNQ
69,1960,255338
69,1964,270616
69,1968,299416
69,1972,289508
69,1976,247969
69,1980,249931
69,1984,331554
69,1988,394973
69,1992,447269
69,1996,515844
69,2000,606180
69,2004,716949
69,2008,860839
69,2012,1031191
69,2016,1215181
69,2020,1402985
70,Country,Eritrea
70,Country Code,ERI
70,1960,1007586
70,1964,1118152
70,1968,1242633
70,1972,1384789
70,1976,1547978
70,1980,1733423
70,1984,1946299
70,1988,2185607
70,1992,2257593
70,1996,2196467
70,2000,2292413
70,2004,2719809
70,2008,3062782
70,2012,..
70,2016,..
70,2020,..
71,Country,Estonia
71,Country Code,EST
71,1960,1211537
71,1964,1277086
71,1968,1331214
71,1972,1392518
71,1976,1439576
71,1980,1477219
71,1984,1518617
71,1988,1561900
71,1992,1533091
71,1996,1415594
71,2000,1396985
71,2004,1362550
71,2008,1337090
71,2012,1322696
71,2016,1315790
71,2020,1331057
72,Country,Eswatini
72,Country Code,SWZ
72,1960,336578
72,1964,365120
72,1968,406508
72,1972,457039
72,1976,515602
72,1980,587852
72,1984,675240
72,1988,773774
72,1992,866995
72,1996,945506
72,2000,1005432
72,2004,1026287
72,2008,1049948
72,2012,1079285
72,2016,1113994
72,2020,1160164
73,Country,Ethiopia
73,Country Code,ETH
73,1960,22151284
73,1964,24397010
73,1968,26944386
73,1972,30140799
73,1976,33128151
73,1980,35141703
73,1984,39374346
73,1988,44757205
73,1992,51423591
73,1996,58883531
73,2000,66224809
73,2004,74239508
73,2008,82916236
73,2012,92726982
73,2016,103603461
73,2020,114963583
74,Country,Euro area
74,Country Code,EMU
74,1960,265203956
74,1964,275163380
74,1968,283866408
74,1972,290874612
74,1976,297251532
74,1980,302184216
74,1984,305299144
74,1988,308516476
74,1992,314162056
74,1996,318003013
74,2000,321310789
74,2004,327682513
74,2008,334274725
74,2012,336159199
74,2016,340481755
74,2020,342949773
75,Country,Europe & Central Asia
75,Country Code,ECS
75,1960,666753356
75,1964,698355574
75,1968,725725300
75,1972,749283635
75,1976,772129341
75,1980,793299463
75,1984,812662217
75,1988,832553390
75,1992,848877909
75,1996,856857233
75,2000,861278544
75,2004,868808153
75,2008,880932055
75,2012,893786694
75,2016,910910900
75,2020,923489941
76,Country,Europe & Central Asia (excluding high income)
76,Country Code,ECA
76,1960,274647228
76,1964,291878870
76,1968,306934517
76,1972,320945150
76,1976,335100864
76,1980,349436199
76,1984,363975241
76,1988,378837514
76,1992,388125580
76,1996,390932358
76,2000,391586634
76,2004,391535458
76,2008,394392601
76,2012,402565848
76,2016,412578888
76,2020,420249459
77,Country,Europe & Central Asia (IDA & IBRD countries)
77,Country Code,TEC
77,1960,308424859
77,1964,327271196
77,1968,343594800
77,1972,358451364
77,1976,373993098
77,1980,389610131
77,1984,405559660
77,1988,421417208
77,1992,431065065
77,1996,434113825
77,2000,434313565
77,2004,434022280
77,2008,436828065
77,2012,444896570
77,2016,454723324
77,2020,462247461
78,Country,European Union
78,Country Code,EUU
78,1960,356906098
78,1964,369850237
78,1968,381605442
78,1972,390995000
78,1976,400473497
78,1980,407875838
78,1984,412931321
78,1988,417653046
78,1992,422963890
78,1996,426896861
78,2000,429328622
78,2004,434040244
78,2008,439876674
78,2012,441395937
78,2016,445487730
78,2020,447794691
79,Country,Faroe Islands
79,Country Code,FRO
79,1960,34624
79,1964,36409
79,1968,38131
79,1972,39915
79,1976,41724
79,1980,43339
79,1984,44895
79,1988,46833
79,1992,46746
79,1996,45624
79,2000,46738
79,2004,47600
79,2008,47822
79,2012,47843
79,2016,48173
79,2020,48865
80,Country,Fiji
80,Country Code,FJI
80,1960,393480
80,1964,450538
80,1968,498944
80,1972,542843
80,1976,587561
80,1980,635312
80,1984,700478
80,1988,722924
80,1992,744470
80,1996,784389
80,2000,811011
80,2004,817864
80,2008,845356
80,2012,865065
80,2016,872406
80,2020,896444
81,Country,Finland
81,Country Code,FIN
81,1960,4429634
81,1964,4548543
81,1968,4626469
81,1972,4639657
81,1976,4725664
81,1980,4779535
81,1984,4881803
81,1988,4946481
81,1992,5041992
81,1996,5124573
81,2000,5176209
81,2004,5228172
81,2008,5313399
81,2012,5413971
81,2016,5495303
81,2020,5530719
82,Country,Fragile and conflict affected situations
82,Country Code,FCS
82,1960,208280083
82,1964,228670583
82,1968,252116419
82,1972,278767597
82,1976,309196463
82,1980,343334222
82,1984,378570396
82,1988,416947257
82,1992,466482751
82,1996,520303326
82,2000,572303917
82,2004,633460044
82,2008,700030438
82,2012,772742559
82,2016,849739853
82,2020,930006546
83,Country,France
83,Country Code,FRA
83,1960,46621688
83,1964,49230585
83,1968,51175507
83,1972,52793151
83,1976,54220033
83,1980,55161510
83,1984,56337675
83,1988,57627106
83,1992,58851216
83,1996,59753095
83,2000,60912500
83,2004,62704901
83,2008,64374979
83,2012,65659814
83,2016,66724104
83,2020,67391582
84,Country,French Polynesia
84,Country Code,PYF
84,1960,78080
84,1964,90132
84,1968,103329
84,1972,118438
84,1976,135559
84,1980,153298
84,1984,172249
84,1988,191260
84,1992,207238
84,1996,222323
84,2000,240681
84,2004,255995
84,2008,264064
84,2012,268995
84,2016,274576
84,2020,280904
85,Country,Gabon
85,Country Code,GAB
85,1960,500922
85,1964,524891
85,1968,565763
85,1972,611705
85,1976,661398
85,1980,726335
85,1984,805117
85,1988,898472
85,1992,1002573
85,1996,1112944
85,2000,1228359
85,2004,1353788
85,2008,1518538
85,2012,1749677
85,2016,2007882
85,2020,2225728
86,Country,"Gambia, The"
86,Country Code,GMB
86,1960,365049
86,1964,396012
86,1968,438590
86,1972,492424
86,1976,557810
86,1980,637252
86,1984,725688
86,1988,873440
86,1992,1027476
86,1996,1164091
86,2000,1317708
86,2004,1496524
86,2008,1689288
86,2012,1905020
86,2016,2149134
86,2020,2416664
87,Country,Georgia
87,Country Code,GEO
87,1960,3645600
87,1964,3870300
87,1968,4042300
87,1972,4205300
87,1976,4342400
87,1980,4467700
87,1984,4622200
87,1988,4790700
87,1992,4873500
87,1996,4491699
87,2000,4077131
87,2004,3927340
87,2008,3848449
87,2012,3728874
87,2016,3727505
87,2020,3714000
88,Country,Germany
88,Country Code,DEU
88,1960,72814900
88,1964,75318337
88,1968,77294314
88,1972,78688452
88,1976,78336950
88,1980,78288576
88,1984,77858685
88,1988,78144619
88,1992,80624598
88,1996,81914831
88,2000,82211508
88,2004,82516260
88,2008,82110097
88,2012,80425823
88,2016,82348669
88,2020,83240525
89,Country,Ghana
89,Country Code,GHA
89,1960,6635229
89,1964,7524470
89,1968,8321773
89,1972,9229640
89,1976,10199164
89,1980,11056112
89,1984,12405659
89,1988,13947047
89,1992,15653345
89,1996,17462504
89,2000,19278850
89,2004,21272328
89,2008,23563832
89,2012,25996454
89,2016,28481947
89,2020,31072945
90,Country,Gibraltar
90,Country Code,GIB
90,1960,23420
90,1964,25478
90,1968,27693
90,1972,29353
90,1976,30179
90,1980,30068
90,1984,29284
90,1988,29164
90,1992,28844
90,1996,28970
90,2000,31081
90,2004,32930
90,2008,33570
90,2012,33653
90,2016,33738
90,2020,33691
91,Country,Greece
91,Country Code,GRC
91,1960,8331725
91,1964,8510429
91,1968,8740765
91,1972,8888628
91,1976,9188150
91,1980,9642505
91,1984,9895801
91,1988,10036983
91,1992,10399061
91,1996,10608800
91,2000,10805808
91,2004,10955141
91,2008,11077841
91,2012,11045011
91,2016,10775971
91,2020,10715549
92,Country,Greenland
92,Country Code,GRL
92,1960,32500
92,1964,37600
92,1968,43400
92,1972,48300
92,1976,49700
92,1980,50200
92,1984,52700
92,1988,54800
92,1992,55300
92,1996,55900
92,2000,56200
92,2004,56911
92,2008,56328
92,2012,56810
92,2016,56186
92,2020,56367
93,Country,Grenada
93,Country Code,GRD
93,1960,89927
93,1964,94122
93,1968,94929
93,1972,93984
93,1976,91469
93,1980,89032
93,1984,98472
93,1988,98126
93,1992,97161
93,1996,101003
93,2000,102837
93,2004,104346
93,2008,105457
93,2012,107452
93,2016,110263
93,2020,112519
94,Country,Guam
94,Country Code,GUM
94,1960,66733
94,1964,73047
94,1968,80212
94,1972,87580
94,1976,95380
94,1980,104134
94,1984,113953
94,1988,124674
94,1992,136693
94,1996,148061
94,2000,155323
94,2004,158094
94,2008,159037
94,2012,159990
94,2016,162948
94,2020,168783
95,Country,Guatemala
95,Country Code,GTM
95,1960,4128880
95,1964,4640795
95,1968,5184095
95,1972,5723759
95,1976,6269983
95,1980,6890346
95,1984,7669863
95,1988,8566331
95,1992,9544055
95,1996,10536942
95,2000,11589761
95,2004,12682108
95,2008,13739299
95,2012,14781942
95,2016,15827690
95,2020,16858333
96,Country,Guinea
96,Country Code,GIN
96,1960,3494164
96,1964,3735912
96,1968,4013050
96,1972,4290544
96,1976,4559239
96,1980,4871446
96,1984,5326369
96,1988,5982484
96,1992,6716032
96,1996,7463782
96,2000,8240735
96,2004,8925729
96,2008,9738796
96,2012,10652032
96,2016,11738434
96,2020,13132792
97,Country,Guinea-Bissau
97,Country Code,GNB
97,1960,616140
97,1964,641821
97,1968,680431
97,1972,732516
97,1976,770415
97,1980,781678
97,1984,851276
97,1988,933046
97,1992,1020353
97,1996,1110835
97,2000,1201305
97,2004,1313492
97,2008,1446936
97,2012,1604981
97,2016,1782434
97,2020,1967998
98,Country,Guyana
98,Country Code,GUY
98,1960,571813
98,1964,637835
98,1968,686144
98,1972,721949
98,1976,754101
98,1980,780153
98,1984,775217
98,1988,750641
98,1992,748596
98,1996,760801
98,2000,746718
98,2004,745737
98,2008,746815
98,2012,755388
98,2016,771363
98,2020,786559
99,Country,Haiti
99,Country Code,HTI
99,1960,3866162
99,1964,4177631
99,1968,4509811
99,1972,4837334
99,1976,5191637
99,1980,5643175
99,1984,6194686
99,1988,6758222
99,1992,7319491
99,1996,7887312
99,2000,8463802
99,2004,9047082
99,2008,9646570
99,2012,10250922
99,2016,10839976
99,2020,11402533
100,Country,Heavily indebted poor countries (HIPC)
100,Country Code,HPC
100,1960,161734348
100,1964,178048131
100,1968,197119416
100,1972,219004306
100,1976,243590882
100,1980,270668519
100,1984,299959455
100,1988,334249174
100,1992,376055877
100,1996,423019239
100,2000,471680803
100,2004,528444638
100,2008,590590409
100,2012,660193919
100,2016,738387077
100,2020,823480038
101,Country,High income
101,Country Code,HIC
101,1960,759783611
101,1964,799159797
101,1968,833895491
101,1972,869313732
101,1976,901732072
101,1980,932075328
101,1984,960111311
101,1988,986702713
101,1992,1016513603
101,1996,1047818942
101,2000,1074819578
101,2004,1103693618
101,2008,1138167727
101,2012,1166465944
101,2016,1194191812
101,2020,1214930230
102,Country,Honduras
102,Country Code,HND
102,1960,2038636
102,1964,2280044
102,1968,2560723
102,1972,2882102
102,1976,3251145
102,1980,3678274
102,1984,4154864
102,1988,4677023
102,1992,5244677
102,1996,5874814
102,2000,6574510
102,2004,7282953
102,2008,7980955
102,2012,8640692
102,2016,9270794
102,2020,9904608
103,Country,"Hong Kong SAR, China"
103,Country Code,HKG
103,1960,3075605
103,1964,3504600
103,1968,3802700
103,1972,4123600
103,1976,4518000
103,1980,5063100
103,1984,5397900
103,1988,5627600
103,1992,5800500
103,1996,6435500
103,2000,6665000
103,2004,6783500
103,2008,6957800
103,2012,7150100
103,2016,7336600
103,2020,7481800
104,Country,Hungary
104,Country Code,HUN
104,1960,9983967
104,1964,10119835
104,1968,10255815
104,1972,10398489
104,1976,10598677
104,1980,10711122
104,1984,10668095
104,1988,10596487
104,1992,10369341
104,1996,10311238
104,2000,10210971
104,2004,10107146
104,2008,10038188
104,2012,9920362
104,2016,9814023
104,2020,9749763
105,Country,Iceland
105,Country Code,ISL
105,1960,175574
105,1964,188983
105,1968,201488
105,1972,209137
105,1976,220154
105,1980,228138
105,1984,239511
105,1988,249740
105,1992,261057
105,1996,268916
105,2000,281205
105,2004,292074
105,2008,317414
105,2012,320716
105,2016,335439
105,2020,366425
106,Country,IDA & IBRD total
106,Country Code,IBT
106,1960,2299245319
106,1964,2483839827
106,1968,2726850543
106,1972,2994908497
106,1976,3261263509
106,1980,3529315742
106,1984,3825225748
106,1988,4144329655
106,1992,4463427809
106,1996,4768632853
106,2000,5065364303
106,2004,5352930991
106,2008,5643704018
106,2012,5943942309
106,2016,6254651557
106,2020,6562212357
107,Country,IDA blend
107,Country Code,IDB
107,1960,..
107,1964,..
107,1968,..
107,1972,..
107,1976,..
107,1980,..
107,1984,..
107,1988,..
107,1992,..
107,1996,..
107,2000,..
107,2004,..
107,2008,..
107,2012,..
107,2016,..
107,2020,..
108,Country,IDA only
108,Country Code,IDX
108,1960,..
108,1964,..
108,1968,..
108,1972,..
108,1976,..
108,1980,..
108,1984,..
108,1988,..
108,1992,..
108,1996,..
108,2000,..
108,2004,..
108,2008,..
108,2012,..
108,2016,..
108,2020,..
109,Country,IDA total
109,Country Code,IDA
109,1960,..
109,1964,..
109,1968,..
109,1972,..
109,1976,..
109,1980,..
109,1984,..
109,1988,..
109,1992,..
109,1996,..
109,2000,..
109,2004,..
109,2008,..
109,2012,..
109,2016,..
109,2020,..
110,Country,India
110,Country Code,IND
110,1960,450547675
110,1964,488848139
110,1968,531513834
110,1972,581087255
110,1976,637630085
110,1980,698952837
110,1984,766833411
110,1988,837468938
110,1992,909307018
110,1996,982365248
110,2000,1056575548
110,2004,1129623466
110,2008,1200669762
110,2012,1265780243
110,2016,1324517250
110,2020,1380004385
111,Country,Indonesia
111,Country Code,IDN
111,1960,87751066
111,1964,97596728
111,1968,108779926
111,1972,121017316
111,1976,133966940
111,1980,147447834
111,1984,161523353
111,1988,174975953
111,1992,187739786
111,1996,199901231
111,2000,211513822
111,2004,223285666
111,2008,235469755
111,2012,248451714
111,2016,261556386
111,2020,273523621
112,Country,"Iran, Islamic Rep."
112,Country Code,IRN
112,1960,21906909
112,1964,24307855
112,1968,27032576
112,1972,30075295
112,1976,33733975
112,1980,38650244
112,1984,45472792
112,1988,53077312
112,1992,58780376
112,1996,62294919
112,2000,65623397
112,2004,68951279
112,2008,72120608
112,2012,75539881
112,2016,79563991
112,2020,83992953
113,Country,Iraq
113,Country Code,IRQ
113,1960,7289753
113,1964,8122199
113,1968,9260687
113,1972,10599661
113,1976,12068675
113,1980,13653348
113,1984,15190396
113,1988,16612319
113,1992,18402740
113,1996,20783073
113,2000,23497589
113,2004,26313838
113,2008,28385739
113,2012,31890012
113,2016,36610632
113,2020,40222503
114,Country,Ireland
114,Country Code,IRL
114,1960,2828600
114,1964,2866550
114,1968,2915550
114,1972,3036850
114,1976,3238050
114,1980,3412800
114,1984,3532423
114,1988,3524949
114,1992,3558430
114,1996,3637510
114,2000,3805174
114,2004,4070262
114,2008,4489544
114,2012,4599533
114,2016,4755335
114,2020,4994724
115,Country,Isle of Man
115,Country Code,IMN
115,1960,48444
115,1964,49396
115,1968,53252
115,1972,57166
115,1976,60374
115,1980,63546
115,1984,63812
115,1988,67927
115,1992,71262
115,1996,72884
115,2000,76942
115,2004,79515
115,2008,83515
115,2012,84534
115,2016,83296
115,2020,85032
116,Country,Israel
116,Country Code,ISR
116,1960,2114020
116,1964,2475000
116,1968,2803000
116,1972,3148000
116,1976,3533000
116,1980,3878000
116,1984,4159000
116,1988,4442000
116,1992,5123000
116,1996,5692000
116,2000,6289000
116,2004,6809000
116,2008,7308800
116,2012,7910500
116,2016,8546000
116,2020,9216900
117,Country,Italy
117,Country Code,ITA
117,1960,50199700
117,1964,51675350
117,1968,53235750
117,1972,54381345
117,1976,55718260
117,1980,56433883
117,1984,56576718
117,1988,56629288
117,1992,56797087
117,1996,56860281
117,2000,56942108
117,2004,57685327
117,2008,58826731
117,2012,59539717
117,2016,60627498
117,2020,59554023
118,Country,Jamaica
118,Country Code,JAM
118,1960,1628524
118,1964,1730739
118,1968,1825873
118,1972,1935089
118,1976,2055371
118,1980,2162839
118,1984,2306367
118,1988,2389415
118,1992,2461047
118,1996,2558631
118,2000,2654698
118,2004,2725017
118,2008,2781869
118,2012,2842128
118,2016,2906242
118,2020,2961161
119,Country,Japan
119,Country Code,JPN
119,1960,93216000
119,1964,96903000
119,1968,101011000
119,1972,107188000
119,1976,112775000
119,1980,116807000
119,1984,120083000
119,1988,122578000
119,1992,124425000
119,1996,125757000
119,2000,126843000
119,2004,127761000
119,2008,128063000
119,2012,127629000
119,2016,126994511
119,2020,125836021
120,Country,Jordan
120,Country Code,JOR
120,1960,933102
120,1964,1102404
120,1968,1500168
120,1972,1883923
120,1976,2123180
120,1980,2377997
120,1984,2784457
120,1988,3256552
120,1992,3977667
120,1996,4732848
120,2000,5122495
120,2004,5580241
120,2008,6556473
120,2012,8089963
120,2016,9554286
120,2020,10203140
121,Country,Kazakhstan
121,Country Code,KAZ
121,1960,9934564
121,1964,11511856
121,1968,12611432
121,1972,13463985
121,1976,14212145
121,1980,14796175
121,1984,15483411
121,1988,16205998
121,1992,16439095
121,1996,15578227
121,2000,14883626
121,2004,15012984
121,2008,15776938
121,2012,16792090
121,2016,17794055
121,2020,18754440
122,Country,Kenya
122,Country Code,KEN
122,1960,8120082
122,1964,9222692
122,1968,10539909
122,1972,12146070
122,1976,14096258
122,1980,16417203
122,1984,19146403
122,1988,22153685
122,1992,25326080
122,1996,28589456
122,2000,31964557
122,2004,35635267
122,2008,39791984
122,2012,44343469
122,2016,49051531
122,2020,53771300
123,Country,Kiribati
123,Country Code,KIR
123,1960,41196
123,1964,45392
123,1968,49354
123,1972,52775
123,1976,55922
123,1980,59296
123,1984,62745
123,1988,69087
123,1992,74767
123,1996,78904
123,2000,84405
123,2004,90498
123,2008,98760
123,2012,106359
123,2016,112529
123,2020,119446
124,Country,"Korea, Dem. People's Rep."
124,Country Code,PRK
124,1960,11424189
124,1964,12282417
124,1968,13609976
124,1972,15207765
124,1976,16554744
124,1980,17472144
124,1984,18590142
124,1988,19708316
124,1992,20937407
124,1996,22113428
124,2000,22929078
124,2004,23732740
124,2008,24310143
124,2012,24800638
124,2016,25307665
124,2020,25778815
125,Country,"Korea, Rep."
125,Country Code,KOR
125,1960,25012374
125,1964,27984155
125,1968,30838302
125,1972,33505406
125,1976,35848523
125,1980,38123775
125,1984,40405956
125,1988,42031247
125,1992,43747962
125,1996,45524681
125,2000,47008111
125,2004,48082519
125,2008,49054708
125,2012,50199853
125,2016,51217803
125,2020,51780579
126,Country,Kosovo
126,Country Code,XKX
126,1960,947000
126,1964,1050000
126,1968,1163000
126,1972,1278000
126,1976,1400000
126,1980,1521000
126,1984,1647000
126,1988,1791000
126,1992,1932000
126,1996,2059000
126,2000,1700000
126,2004,1704622
126,2008,1747383
126,2012,1807106
126,2016,1777557
126,2020,1775378
127,Country,Kuwait
127,Country Code,KWT
127,1960,269026
127,1964,423900
127,1968,632911
127,1972,851918
127,1976,1085866
127,1980,1368680
127,1984,1652150
127,1988,2034850
127,1992,..
127,1996,1626858
127,2000,2045123
127,2004,2200498
127,2008,2656010
127,2012,3348852
127,2016,3956862
127,2020,4270563
128,Country,Kyrgyz Republic
128,Country Code,KGZ
128,1960,2172300
128,1964,2495300
128,1968,2818300
128,1972,3088200
128,1976,3358700
128,1980,3617400
128,1984,3916400
128,1988,4218400
128,1992,4515400
128,1996,4628400
128,2000,4898400
128,2004,5104700
128,2008,5318700
128,2012,5607200
128,2016,6079500
128,2020,6591600
129,Country,Lao PDR
129,Country Code,LAO
129,1960,2120892
129,1964,2327137
129,1968,2556845
129,1972,2840842
129,1976,3098962
129,1980,3258149
129,1984,3586315
129,1988,4020817
129,1992,4500346
129,1996,4951189
129,2000,5323701
129,2004,5662199
129,2008,6046630
129,2012,6444527
129,2016,6845848
129,2020,7275556
130,Country,Late-demographic dividend
130,Country Code,LTE
130,1960,1096903448
130,1964,1165421495
130,1968,1277803242
130,1972,1400911434
130,1976,1506611986
130,1980,1595481006
130,1984,1691255626
130,1988,1796650131
130,1992,1892668367
130,1996,1975201502
130,2000,2045125929
130,2004,2100746553
130,2008,2154348068
130,2012,2206930121
130,2016,2261410364
130,2020,2307887395
131,Country,Latin America & Caribbean
131,Country Code,LCN
131,1960,219828794
131,1964,245147710
131,1968,272006857
131,1972,300028905
131,1976,329348136
131,1980,360211832
131,1984,392750803
131,1988,425549887
131,1992,458041493
131,1996,490002410
131,2000,520903474
131,2004,549590680
131,2008,576783743
131,2012,603094656
131,2016,628493594
131,2020,652276325
132,Country,Latin America & Caribbean (excluding high income)
132,Country Code,LAC
132,1960,197123485
132,1964,220096687
132,1968,244674060
132,1972,270368419
132,1976,297207329
132,1980,325470475
132,1984,355331567
132,1988,385236744
132,1992,414713589
132,1996,443669730
132,2000,471805920
132,2004,497915775
132,2008,522729313
132,2012,546631449
132,2016,570838477
132,2020,595242966
133,Country,Latin America & the Caribbean (IDA & IBRD countries)
133,Country Code,TLA
133,1960,209749023
133,1964,234169957
133,1968,260246118
133,1972,287442489
133,1976,315955197
133,1980,346328178
133,1984,378506071
133,1988,410761042
133,1992,442751009
133,1996,474321040
133,2000,504921279
133,2004,533415243
133,2008,560624662
133,2012,586999600
133,2016,612511541
133,2020,636492840
134,Country,Latvia
134,Country Code,LVA
134,1960,2120979
134,1964,2240623
134,1968,2323619
134,1972,2395674
134,1976,2470989
134,1980,2511701
134,1984,2562047
134,1988,2653434
134,1992,2614338
134,1996,2457222
134,2000,2367550
134,2004,2263122
134,2008,2177322
134,2012,2034319
134,2016,1959537
134,2020,1901548
135,Country,Least developed countries: UN classification
135,Country Code,LDC
135,1960,240518397
135,1964,264174076
135,1968,292046003
135,1972,321797948
135,1976,353691447
135,1980,390612544
135,1984,432185306
135,1988,479814027
135,1992,534731004
135,1996,594801271
135,2000,657215854
135,2004,726331171
135,2008,798563425
135,2012,876867234
135,2016,963519718
135,2020,1057438163
136,Country,Lebanon
136,Country Code,LBN
136,1960,1804935
136,1964,2041231
136,1968,2210769
136,1972,2417837
136,1976,2596409
136,1980,2588928
136,1984,2638056
136,1988,2684682
136,1992,3076133
136,1996,3610663
136,2000,3842774
136,2004,4569377
136,2008,4764745
136,2012,5537620
136,2016,6714281
136,2020,6825442
137,Country,Lesotho
137,Country Code,LSO
137,1960,837264
137,1964,903757
137,1968,983683
137,1972,1077102
137,1976,1193517
137,1980,1340258
137,1984,1489685
137,1988,1630993
137,1992,1782284
137,1996,1934294
137,2000,2032805
137,2004,2005953
137,2008,1987130
137,2012,2014988
137,2016,2075041
137,2020,2142252
138,Country,Liberia
138,Country Code,LBR
138,1960,1118655
138,1964,1217905
138,1968,1333980
138,1972,1474567
138,1976,1645833
138,1980,1852991
138,1984,2111667
138,1988,2134105
138,1992,2001612
138,1996,2160480
138,2000,2848447
138,2004,3135654
138,2008,3607863
138,2012,4135662
138,2016,4586788
138,2020,5057677
139,Country,Libya
139,Country Code,LBY
139,1960,1448416
139,1964,1667822
139,1968,1958909
139,1972,2327487
139,1976,2754698
139,1980,3219462
139,1984,3746712
139,1988,4220451
139,1992,4650896
139,1996,5036173
139,2000,5357893
139,2004,5710163
139,2008,6058740
139,2012,6285751
139,2016,6492160
139,2020,6871287
140,Country,Liechtenstein
140,Country Code,LIE
140,1960,16501
140,1964,18170
140,1968,20237
140,1972,22161
140,1976,23933
140,1980,25881
140,1984,27028
140,1988,28135
140,1992,29552
140,1996,31354
140,2000,33184
140,2004,34444
140,2008,35469
140,2012,36615
140,2016,37655
140,2020,38137
141,Country,Lithuania
141,Country Code,LTU
141,1960,2778550
141,1964,2935200
141,1968,3078850
141,1972,3213622
141,1976,3328664
141,1980,3413202
141,1984,3514205
141,1988,3655049
141,1992,3700114
141,1996,3601613
141,2000,3499536
141,2004,3377075
141,2008,3198231
141,2012,2987773
141,2016,2868231
141,2020,2794700
142,Country,Low & middle income
142,Country Code,LMY
142,1960,2264230620
142,1964,2446616794
142,1968,2688185221
142,1972,2955489373
142,1976,3220127983
142,1980,3485705709
142,1984,3779008675
142,1988,4095886112
142,1992,4415505150
142,1996,4719451017
142,2000,5015320490
142,2004,5301861509
142,2008,5591217271
142,2012,5889963667
142,2016,6200441680
142,2020,6509474374
143,Country,Low income
143,Country Code,LIC
143,1960,137782356
143,1964,150668279
143,1968,166378127
143,1972,184306845
143,1976,203955515
143,1980,225445124
143,1984,248343146
143,1988,275322077
143,1992,308709029
143,1996,346863261
143,2000,387088076
143,2004,434055590
143,2008,486468200
143,2012,541205688
143,2016,599290280
143,2020,665149035
144,Country,Lower middle income
144,Country Code,LMC
144,1960,989984004
144,1964,1085299211
144,1968,1191458095
144,1972,1308581612
144,1976,1438471529
144,1980,1583984211
144,1984,1748404026
144,1988,1922581048
144,1992,2100111594
144,1996,2272648448
144,2000,2445096607
144,2004,2616457516
144,2008,2790205950
144,2012,2968243908
144,2016,3149022555
144,2020,3330652547
145,Country,Luxembourg
145,Country Code,LUX
145,1960,313970
145,1964,327750
145,1968,335850
145,1972,346600
145,1976,360731
145,1980,364150
145,1984,365998
145,1988,373450
145,1992,392175
145,1996,414225
145,2000,436300
145,2004,458095
145,2008,488650
145,2012,530946
145,2016,582014
145,2020,632275
146,Country,"Macao SAR, China"
146,Country Code,MAC
146,1960,167795
146,1964,193556
146,1968,233002
146,1972,248770
146,1976,239074
146,1980,238085
146,1984,271914
146,1988,320774
146,1992,362308
146,1996,393376
146,2000,427772
146,2004,471600
146,2008,515232
146,2012,564037
146,2016,612824
146,2020,649342
147,Country,Madagascar
147,Country Code,MDG
147,1960,5099368
147,1964,5625164
147,1968,6234468
147,1972,6946619
147,1976,7773452
147,1980,8716549
147,1984,9780869
147,1988,10952396
147,1992,12301338
147,1996,13902697
147,2000,15766806
147,2004,17802992
147,2008,19996476
147,2012,22346641
147,2016,24894370
147,2020,27691019
148,Country,Malawi
148,Country Code,MWI
148,1960,3659980
148,1964,4032364
148,1968,4464427
148,1972,4958556
148,1976,5545653
148,1980,6250434
148,1984,6964613
148,1988,8636686
148,1992,9685974
148,1996,10022783
148,2000,11148751
148,2004,12301837
148,2008,13727899
148,2012,15396010
148,2016,17205253
148,2020,19129955
149,Country,Malaysia
149,Country Code,MYS
149,1960,8156342
149,1964,9253827
149,1968,10297983
149,1972,11324277
149,1976,12468688
149,1980,13798094
149,1984,15192300
149,1988,17022470
149,1992,19002660
149,1996,21017619
149,2000,23194252
149,2004,25190647
149,2008,27236003
149,2012,29068189
149,2016,30684652
149,2020,32365998
150,Country,Maldives
150,Country Code,MDV
150,1960,89873
150,1964,100177
150,1968,109893
150,1972,123347
150,1976,140563
150,1980,158271
150,1984,182848
150,1988,209787
150,1992,236271
150,1996,259178
150,2000,279396
150,2004,311265
150,2008,343448
150,2012,397231
150,2016,475505
150,2020,540542
151,Country,Mali
151,Country Code,MLI
151,1960,5263727
151,1964,5503750
151,1968,5780836
151,1972,6147464
151,1976,6596721
151,1980,7090124
151,1984,7694857
151,1988,8171525
151,1992,8850334
151,1996,9837575
151,2000,10946448
151,2004,12369078
151,2008,14113578
151,2012,15979492
151,2016,17965448
151,2020,20250834
152,Country,Malta
152,Country Code,MLT
152,1960,326550
152,1964,321250
152,1968,307900
152,1972,302450
152,1976,305774
152,1980,316645
152,1984,330593
152,1988,347325
152,1992,367618
152,1996,379905
152,2000,390087
152,2004,401268
152,2008,409379
152,2012,420028
152,2016,455356
152,2020,525285
153,Country,Marshall Islands
153,Country Code,MHL
153,1960,14674
153,1964,16710
153,1968,18966
153,1972,22335
153,1976,26548
153,1980,30574
153,1984,36564
153,1988,44092
153,1992,49242
153,1996,50523
153,2000,50754
153,2004,54476
153,2008,56166
153,2012,56712
153,2016,57723
153,2020,59194
154,Country,Mauritania
154,Country Code,MRT
154,1960,850377
154,1964,956794
154,1968,1079580
154,1972,1217443
154,1976,1370364
154,1980,1540644
154,1984,1730737
154,1988,1930427
154,1992,2142645
154,1996,2372900
154,2000,2630217
154,2004,2939246
154,2008,3296237
154,2012,3706555
154,2016,4163532
154,2020,4649660
155,Country,Mauritius
155,Country Code,MUS
155,1960,659351
155,1964,736381
155,1968,798413
155,1972,852053
155,1976,906507
155,1980,966039
155,1984,1012221
155,1988,1043239
155,1992,1084441
155,1996,1133996
155,2000,1186873
155,2004,1221003
155,2008,1244121
155,2012,1255882
155,2016,1263473
155,2020,1265740
156,Country,Mexico
156,Country Code,MEX
156,1960,37771861
156,1964,42771077
156,1968,48431971
156,1972,54689944
156,1976,61242189
156,1980,67761367
156,1984,74352631
156,1988,80788725
156,1992,87075136
156,1996,93147045
156,2000,98899845
156,2004,104514934
156,2008,110815272
156,2012,117274156
156,2016,123333379
156,2020,128932753
157,Country,"Micronesia, Fed. Sts."
157,Country Code,FSM
157,1960,44510
157,1964,50476
157,1968,58386
157,1972,62275
157,1976,64360
157,1980,72936
157,1984,83192
157,1988,91984
157,1992,101386
157,1996,108311
157,2000,107405
157,2004,106624
157,2008,103549
157,2012,104506
157,2016,110215
157,2020,115021
158,Country,Middle East & North Africa
158,Country Code,MEA
158,1960,105203230
158,1964,117271192
158,1968,131026902
158,1972,146213398
158,1976,163532333
158,1980,184628581
158,1984,210648804
158,1988,238565130
158,1992,265656639
158,1996,292041169
158,2000,315326781
158,2004,340143477
158,2008,369823227
158,2012,401968363
158,2016,433616042
158,2020,464554123
159,Country,Middle East & North Africa (excluding high income)
159,Country Code,MNA
159,1960,97553136
159,1964,108376349
159,1968,120739199
159,1972,134051048
159,1976,148781943
159,1980,166616386
159,1984,188614684
159,1988,212456877
159,1992,237828686
159,1996,259431598
159,2000,279279614
159,2004,299502746
159,2008,321168746
159,2012,344998428
159,2016,370294017
159,2020,396147843
160,Country,Middle East & North Africa (IDA & IBRD countries)
160,Country Code,TMN
160,1960,97553136
160,1964,108376349
160,1968,120739199
160,1972,134051048
160,1976,148781943
160,1980,166616386
160,1984,188614684
160,1988,212456877
160,1992,235665095
160,1996,256843601
160,2000,276357461
160,2004,296266120
160,2008,317576769
160,2012,341018430
160,2016,365926929
160,2020,391344574
161,Country,Middle income
161,Country Code,MIC
161,1960,2126448264
161,1964,2295948515
161,1968,2521807094
161,1972,2771182528
161,1976,3016172468
161,1980,3260260585
161,1984,3530665529
161,1988,3820564035
161,1992,4106796121
161,1996,4372587756
161,2000,4628232414
161,2004,4867805919
161,2008,5104749071
161,2012,5348757979
161,2016,5601151400
161,2020,5844325339
162,Country,Moldova
162,Country Code,MDA
162,1960,2043664
162,1964,2228429
162,1968,2377848
162,1972,2515217
162,1976,2638126
162,1980,2728099
162,1984,2840565
162,1988,2940177
162,1992,2977130
162,1996,2946401
162,2000,2923783
162,2004,2895147
162,2008,2867964
162,2012,2859458
162,2016,2802170
162,2020,2617820
163,Country,Monaco
163,Country Code,MCO
163,1960,22461
163,1964,23236
163,1968,23295
163,1972,24049
163,1976,25523
163,1980,26752
163,1984,28511
163,1988,29232
163,1992,29859
163,1996,31001
163,2000,32148
163,2004,33499
163,2008,34860
163,2012,36459
163,2016,38070
163,2020,39244
164,Country,Mongolia
164,Country Code,MNG
164,1960,955514
164,1964,1074518
164,1968,1207104
164,1972,1356673
164,1976,1520868
164,1980,1689622
164,1984,1871089
164,1988,2089709
164,1992,2243495
164,1996,2316571
164,2000,2397417
164,2004,2496394
164,2008,2631899
164,2012,2824698
164,2016,3056358
164,2020,3278292
165,Country,Montenegro
165,Country Code,MNE
165,1960,480579
165,1964,521753
165,1968,517481
165,1972,521785
165,1976,552562
165,1980,572608
165,1984,600884
165,1988,607413
165,1992,608516
165,1996,611003
165,2000,604950
165,2004,613353
165,2008,616969
165,2012,620601
165,2016,622303
165,2020,621718
166,Country,Morocco
166,Country Code,MAR
166,1960,12328532
166,1964,13857656
166,1968,15307267
166,1972,16696890
166,1976,18198836
166,1980,19990006
166,1984,22002641
166,1988,23903592
166,1992,25711410
166,1996,27383472
166,2000,28793672
166,2004,30115196
166,2008,31536807
166,2012,33241898
166,2016,35126274
166,2020,36910558
167,Country,Mozambique
167,Country Code,MOZ
167,1960,7184870
167,1964,7857107
167,1968,8614445
167,1972,9446235
167,1976,10443954
167,1980,11630194
167,1984,12636120
167,1988,12758003
167,1992,13805999
167,1996,15960445
167,2000,17711925
167,2004,19910549
167,2008,22276596
167,2012,24862673
167,2016,27829930
167,2020,31255435
168,Country,Myanmar
168,Country Code,MMR
168,1960,21736947
168,1964,23717785
168,1968,26015239
168,1972,28570093
168,1976,31314347
168,1980,34224316
168,1984,37241530
168,1988,40085653
168,1992,42401686
168,1996,44452203
168,2000,46719698
168,2004,48564489
168,2008,49929642
168,2012,51413703
168,2016,53045199
168,2020,54409794
169,Country,Namibia
169,Country Code,NAM
169,1960,634138
169,1964,698797
169,1968,773428
169,1972,868954
169,1976,971117
169,1980,1057723
169,1984,1162282
169,1988,1336545
169,1992,1516951
169,1996,1663378
169,2000,1794583
169,2004,1907737
169,2008,2043382
169,2012,2194777
169,2016,2358044
169,2020,2540916
170,Country,Nauru
170,Country Code,NRU
170,1960,4377
170,1964,5590
170,1968,6343
170,1972,6798
170,1976,7284
170,1980,7751
170,1984,8331
170,1988,9058
170,1992,10030
170,1996,10677
170,2000,10335
170,2004,9906
170,2008,9880
170,2012,10136
170,2016,10474
170,2020,10834
171,Country,Nepal
171,Country Code,NPL
171,1960,10105060
171,1964,10783958
171,1968,11603921
171,1972,12583142
171,1976,13719466
171,1980,15016408
171,1984,16477488
171,1988,18020755
171,1992,19938322
171,1996,22090352
171,2000,23941099
171,2004,25419337
171,2008,26666581
171,2012,26989160
171,2016,27263430
171,2020,29136808
172,Country,Netherlands
172,Country Code,NLD
172,1960,11486631
172,1964,12127120
172,1968,12729721
172,1972,13328593
172,1976,13774037
172,1980,14149800
172,1984,14424211
172,1988,14760094
172,1992,15184166
172,1996,15530498
172,2000,15925513
172,2004,16281779
172,2008,16445593
172,2012,16754962
172,2016,17030314
172,2020,17441139
173,Country,New Caledonia
173,Country Code,NCL
173,1960,79000
173,1964,88100
173,1968,99500
173,1972,125500
173,1976,134000
173,1980,140050
173,1984,151650
173,1988,163650
173,1992,179799
173,1996,197564
173,2000,213230
173,2004,228750
173,2008,242750
173,2012,259000
173,2016,269350
173,2020,271960
174,Country,New Zealand
174,Country Code,NZL
174,1960,2371800
174,1964,2585400
174,1968,2748100
174,1972,2903900
174,1976,3110500
174,1980,3112900
174,1984,3227100
174,1988,3283400
174,1992,3531700
174,1996,3732000
174,2000,3857700
174,2004,4087500
174,2008,4259800
174,2012,4408100
174,2016,4714100
174,2020,5084300
175,Country,Nicaragua
175,Country Code,NIC
175,1960,1773132
175,1964,2006478
175,1968,2264623
175,1972,2558705
175,1976,2894967
175,1980,3265520
175,1984,3642978
175,1988,3995529
175,1992,4364514
175,1996,4741571
175,2000,5069310
175,2004,5364930
175,2008,5667436
175,2012,5982530
175,2016,6303970
175,2020,6624554
176,Country,Niger
176,Country Code,NER
176,1960,3388774
176,1964,3802802
176,1968,4263925
176,1972,4768225
176,1976,5335083
176,1980,5989000
176,1984,6719310
176,1988,7548429
176,1992,8566773
176,1996,9826600
176,2000,11331561
176,2004,13125914
176,2008,15250913
176,2012,17795209
176,2016,20788789
176,2020,24206636
177,Country,Nigeria
177,Country Code,NGA
177,1960,45138460
177,1964,49066762
177,1968,53506201
177,1972,58665813
177,1976,65221379
177,1980,73423646
177,1984,81448757
177,1988,90395278
177,1992,100161708
177,1996,110668784
177,2000,122283853
177,2004,135320420
177,2008,150269622
177,2012,167228803
177,2016,185960244
177,2020,206139587
178,Country,North America
178,Country Code,NAC
178,1960,198624409
178,1964,211262900
178,1968,221503000
178,1972,232168663
178,1976,241538008
178,1980,251795337
178,1984,261488476
178,1988,271349094
178,1992,284943859
178,1996,299064347
178,2000,312909974
178,2004,324809693
178,2008,337406357
178,2012,348656682
178,2016,359245796
178,2020,367553264
179,Country,North Macedonia
179,Country Code,MKD
179,1960,1488670
179,1964,1569139
179,1968,1672399
179,1972,1754951
179,1976,1825559
179,1980,1924203
179,1984,1974413
179,1988,1995508
179,1992,1988659
179,1996,1989441
179,2000,2034823
179,2004,2057044
179,2008,2067309
179,2012,2074275
179,2016,2080746
179,2020,2083380
180,Country,Northern Mariana Islands
180,Country Code,MNP
180,1960,9980
180,1964,10780
180,1968,12135
180,1972,13884
180,1976,15024
180,1980,16633
180,1984,25496
180,1988,40294
180,1992,46473
180,1996,47518
180,2000,57453
180,2004,57240
180,2008,54621
180,2012,54306
180,2016,56187
180,2020,57557
181,Country,Norway
181,Country Code,NOR
181,1960,3581239
181,1964,3694339
181,1968,3816486
181,1972,3933004
181,1976,4026152
181,1980,4085620
181,1984,4140099
181,1988,4209488
181,1992,4286401
181,1996,4381336
181,2000,4490967
181,2004,4591910
181,2008,4768212
181,2012,5018573
181,2016,5234519
181,2020,5379475
182,Country,Not classified
182,Country Code,INX
182,1960,..
182,1964,..
182,1968,..
182,1972,..
182,1976,..
182,1980,..
182,1984,..
182,1988,..
182,1992,..
182,1996,..
182,2000,..
182,2004,..
182,2008,..
182,2012,..
182,2016,..
182,2020,..
183,Country,OECD members
183,Country Code,OED
183,1960,809413164
183,1964,855187441
183,1968,897619456
183,1972,940747243
183,1976,981155050
183,1980,1018954080
183,1984,1054256534
183,1988,1088387125
183,1992,1128349539
183,1996,1165880992
183,2000,1200836415
183,2004,1236872189
183,2008,1274522708
183,2012,1306807834
183,2016,1341701902
183,2020,1370858752
184,Country,Oman
184,Country Code,OMN
184,1960,551735
184,1964,608890
184,1968,679592
184,1972,776385
184,1976,927434
184,1980,1154373
184,1984,1431066
184,1988,1678119
184,1992,1983272
184,1996,2236652
184,2000,2267973
184,2004,2445524
184,2008,2750956
184,2012,3498031
184,2016,4479217
184,2020,5106622
185,Country,Other small states
185,Country Code,OSS
185,1960,9151857
185,1964,9840401
185,1968,10606217
185,1972,11488070
185,1976,12475005
185,1980,13598547
185,1984,14962369
185,1988,16610046
185,1992,18156582
185,1996,19460551
185,2000,20917080
185,2004,22442097
185,2008,24762404
185,2012,27227313
185,2016,29542903
185,2020,31941786
186,Country,Pacific island small states
186,Country Code,PSS
186,1960,865064
186,1964,984824
186,1968,1098151
186,1972,1202128
186,1976,1306023
186,1980,1420314
186,1984,1555395
186,1988,1650438
186,1992,1750932
186,1996,1868390
186,2000,1962451
186,2004,2050583
186,2008,2157454
186,2012,2268553
186,2016,2385744
186,2020,2528958
187,Country,Pakistan
187,Country Code,PAK
187,1960,44988690
187,1964,49627623
187,1968,55102690
187,1972,61381982
187,1976,68834324
187,1980,78054346
187,1984,89213708
187,1988,101389603
187,1992,113911126
187,1996,127349293
187,2000,142343583
187,2004,156664698
187,2008,171648984
187,2012,187280125
187,2016,203631356
187,2020,220892331
188,Country,Palau
188,Country Code,PLW
188,1960,9769
188,1964,10792
188,1968,11460
188,1972,12342
188,1976,12835
188,1980,12178
188,1984,13190
188,1988,14400
188,1992,15859
188,1996,17599
188,2000,19104
188,2004,19861
188,2008,18708
188,2012,17635
188,2016,17718
188,2020,18092
189,Country,Panama
189,Country Code,PAN
189,1960,1133005
189,1964,1276331
189,1968,1434676
189,1972,1607797
189,1976,1791389
189,1980,1978489
189,1984,2170330
189,1988,2368556
189,1992,2575949
189,1996,2796291
189,2000,3030333
189,2004,3269356
189,2008,3516204
189,2012,3770635
189,2016,4037073
189,2020,4314768
190,Country,Papua New Guinea
190,Country Code,PNG
190,1960,2255858
190,1964,2434220
190,1968,2656636
190,1972,2918138
190,1976,3219825
190,1980,3571209
190,1984,3975950
190,1988,4399320
190,1992,4836216
190,1996,5314258
190,2000,5847590
190,2004,6354247
190,2008,6976200
190,2012,7631003
190,2016,8271766
190,2020,8947027
191,Country,Paraguay
191,Country Code,PRY
191,1960,1903990
191,1964,2115573
191,1968,2351926
191,1972,2597149
191,1976,2861868
191,1980,3181627
191,1984,3571275
191,1988,4001678
191,1992,4445019
191,1996,4887638
191,2000,5323202
191,2004,5730556
191,2008,6081296
191,2012,6421510
191,2016,6777878
191,2020,7132530
192,Country,Peru
192,Country Code,PER
192,1960,10155011
192,1964,11383364
192,1968,12735491
192,1972,14221954
192,1976,15838568
192,1980,17547612
192,1984,19319746
192,1988,21153462
192,1992,22966822
192,1996,24753825
192,2000,26459944
192,2004,27624226
192,2008,28562321
192,2012,29506790
192,2016,30926036
192,2020,32971846
193,Country,Philippines
193,Country Code,PHL
193,1960,26269741
193,1964,29958687
193,1968,33795203
193,1972,37923400
193,1976,42446659
193,1980,47357741
193,1984,52827047
193,1988,58794999
193,1992,65020124
193,1996,71401743
193,2000,77991757
193,2004,84710544
193,2008,90901967
193,2012,97212639
193,2016,103663812
193,2020,109581085
194,Country,Poland
194,Country Code,POL
194,1960,29637450
194,1964,31139450
194,1968,32294655
194,1972,33055650
194,1976,34356300
194,1980,35574150
194,1984,36904134
194,1988,37824487
194,1992,38363667
194,1996,38624370
194,2000,38258629
194,2004,38182222
194,2008,38125759
194,2012,38063164
194,2016,37970087
194,2020,37950802
195,Country,Portugal
195,Country Code,PRT
195,1960,8857716
195,1964,9035365
195,1968,8836650
195,1972,8630430
195,1976,9355810
195,1980,9766312
195,1984,9996232
195,1988,10019610
195,1992,9952494
195,1996,10063945
195,2000,10289898
195,2004,10483861
195,2008,10558177
195,2012,10514844
195,2016,10325452
195,2020,10305564
196,Country,Post-demographic dividend
196,Country Code,PST
196,1960,755229793
196,1964,792263980
196,1968,824733296
196,1972,857079422
196,1976,885145869
196,1980,909890607
196,1984,931410415
196,1988,952173528
196,1992,977878861
196,1996,1000603716
196,2000,1020504874
196,2004,1041075191
196,2008,1064394135
196,2012,1082374116
196,2016,1101866343
196,2020,1115116448
197,Country,Pre-demographic dividend
197,Country Code,PRE
197,1960,187617086
197,1964,205835402
197,1968,227201766
197,1972,252097876
197,1976,282049633
197,1980,317462476
197,1984,352822095
197,1988,392393113
197,1992,440397744
197,1996,494517689
197,2000,550660000
197,2004,617518659
197,2008,691447634
197,2012,775573262
197,2016,869943573
197,2020,970795671
198,Country,Puerto Rico
198,Country Code,PRI
198,1960,2358000
198,1964,2554066
198,1968,2662064
198,1972,2817256
198,1976,3043854
198,1980,3206000
198,1984,3344190
198,1988,3473898
198,1992,3585176
198,1996,3724655
198,2000,3810605
198,2004,3826878
198,2008,3760866
198,2012,3634488
198,2016,3406672
198,2020,3194034
199,Country,Qatar
199,Country Code,QAT
199,1960,47383
199,1964,67562
199,1968,93206
199,1972,130505
199,1976,173716
199,1980,223622
199,1984,341272
199,1988,443611
199,1992,495403
199,1996,522531
199,2000,592467
199,2004,753332
199,2008,1436670
199,2012,2196078
199,2016,2654379
199,2020,2881060
200,Country,Romania
200,Country Code,ROU
200,1960,18406905
200,1964,18919126
200,1968,19799831
200,1972,20657957
200,1976,21551634
200,1980,22207282
200,1984,22640547
200,1988,23057662
200,1992,22794284
200,1996,22619004
200,2000,22442971
200,2004,21451748
200,2008,20537875
200,2012,20058035
200,2016,19702267
200,2020,19286123
201,Country,Russian Federation
201,Country Code,RUS
201,1960,119897000
201,1964,125345000
201,1968,128928000
201,1972,131909000
201,1976,135147000
201,1980,139010000
201,1984,142745000
201,1988,146857000
201,1992,148538197
201,1996,148160129
201,2000,146596869
201,2004,144067316
201,2008,142742366
201,2012,143201721
201,2016,144342397
201,2020,144104080
202,Country,Rwanda
202,Country Code,RWA
202,1960,2935575
202,1964,3164258
202,1968,3529839
202,1972,3987223
202,1976,4506109
202,1980,5153314
202,1984,5902847
202,1988,7088194
202,1992,6702239
202,1996,6013112
202,2000,7933688
202,2004,8680516
202,2008,9524532
202,2012,10549668
202,2016,11668829
202,2020,12952209
203,Country,Samoa
203,Country Code,WSM
203,1960,108627
203,1964,123346
203,1968,137484
203,1972,147295
203,1976,152362
203,1980,155522
203,1984,159243
203,1988,161369
203,1992,165490
203,1996,171165
203,2000,174454
203,2004,178597
203,2008,183270
203,2012,189089
203,2016,194540
203,2020,198410
204,Country,San Marino
204,Country Code,SMR
204,1960,15440
204,1964,17101
204,1968,18668
204,1972,19490
204,1976,20086
204,1980,21453
204,1984,22546
204,1988,23548
204,1992,24830
204,1996,26253
204,2000,27460
204,2004,28942
204,2008,30434
204,2012,32103
204,2016,33503
204,2020,33938
205,Country,Sao Tome and Principe
205,Country Code,STP
205,1960,64294
205,1964,64278
205,1968,70258
205,1972,77930
205,1976,85475
205,1980,95788
205,1984,102826
205,1988,113288
205,1992,124574
205,1996,133799
205,2000,142264
205,2004,153736
205,2008,171122
205,2012,188394
205,2016,203221
205,2020,219161
206,Country,Saudi Arabia
206,Country Code,SAU
206,1960,4086534
206,1964,4677304
206,1968,5387822
206,1972,6392973
206,1976,7802928
206,1980,9691471
206,1984,12418836
206,1988,15070082
206,1992,17282686
206,1996,19033843
206,2000,20663840
206,2004,23132686
206,2008,25888535
206,2012,29154906
206,2016,32443443
206,2020,34813867
207,Country,Senegal
207,Country Code,SEN
207,1960,3206757
207,1964,3580241
207,1968,4014107
207,1972,4522886
207,1976,5057375
207,1980,5583157
207,1984,6277420
207,1988,7086624
207,1992,7990090
207,1996,8912872
207,2000,9797731
207,2004,10810086
207,2008,12004700
207,2012,13401990
207,2016,14993514
207,2020,16743930
208,Country,Serbia
208,Country Code,SRB
208,1960,6608000
208,1964,6765000
208,1968,6915000
208,1972,7053000
208,1976,7214000
208,1980,7362000
208,1984,7489000
208,1988,7572000
208,1992,7646424
208,1996,7617794
208,2000,7516346
208,2004,7463157
208,2008,7350222
208,2012,7199077
208,2016,7058322
208,2020,6908224
209,Country,Seychelles
209,Country Code,SYC
209,1960,41700
209,1964,46322
209,1968,51134
209,1972,56029
209,1976,60504
209,1980,63261
209,1984,64717
209,1988,68755
209,1992,70763
209,1996,76417
209,2000,81131
209,2004,82475
209,2008,86956
209,2012,88303
209,2016,94677
209,2020,98462
210,Country,Sierra Leone
210,Country Code,SLE
210,1960,2317638
210,1964,2466671
210,1968,2644011
210,1972,2854866
210,1976,3102595
210,1980,3388494
210,1984,3707513
210,1988,4156636
210,1992,4347727
210,1996,4312660
210,2000,4584570
210,2004,5433995
210,2008,6133599
210,2012,6712586
210,2016,7328846
210,2020,7976985
211,Country,Singapore
211,Country Code,SGP
211,1960,1646400
211,1964,1841600
211,1968,2012000
211,1972,2152400
211,1976,2293300
211,1980,2413945
211,1984,2732221
211,1988,2846108
211,1992,3230698
211,1996,3670704
211,2000,4027887
211,2004,4166664
211,2008,4839396
211,2012,5312437
211,2016,5607283
211,2020,5685807
212,Country,Sint Maarten (Dutch part)
212,Country Code,SXM
212,1960,2833
212,1964,4063
212,1968,5857
212,1972,7892
212,1976,10147
212,1980,13097
212,1984,17517
212,1988,25334
212,1992,30458
212,1996,31434
212,2000,30519
212,2004,32488
212,2008,33964
212,2012,34640
212,2016,39969
212,2020,40812
213,Country,Slovak Republic
213,Country Code,SVK
213,1960,4068095
213,1964,4327341
213,1968,4483915
213,1972,4596622
213,1976,4789507
213,1980,4979815
213,1984,5127097
213,1988,5250596
213,1992,5305016
213,1996,5373361
213,2000,5388720
213,2004,5372280
213,2008,5379233
213,2012,5407579
213,2016,5430798
213,2020,5458827
214,Country,Slovenia
214,Country Code,SVN
214,1960,1584720
214,1964,1632114
214,1968,1704546
214,1972,1752233
214,1976,1820249
214,1980,1901315
214,1984,1932154
214,1988,1995196
214,1992,1996498
214,1996,1988628
214,2000,1988925
214,2004,1997012
214,2008,2021316
214,2012,2057159
214,2016,2065042
214,2020,2100126
215,Country,Small states
215,Country Code,SST
215,1960,14211632
215,1964,15333414
215,1968,16478258
215,1972,17702798
215,1976,19027575
215,1980,20501052
215,1984,22269272
215,1988,24190637
215,1992,26020298
215,1996,27660218
215,2000,29393017
215,2004,31189665
215,2008,33798831
215,2012,36568506
215,2016,39198032
215,2020,41913035
216,Country,Solomon Islands
216,Country Code,SLB
216,1960,117847
216,1964,132766
216,1968,149887
216,1972,172550
216,1976,200602
216,1980,230550
216,1984,262691
216,1988,294976
216,1992,330004
216,1996,369517
216,2000,412665
216,2004,458549
216,2008,503366
216,2012,556066
216,2016,619438
216,2020,686878
217,Country,Somalia
217,Country Code,SOM
217,1960,2755967
217,1964,3001160
217,1968,3312735
217,1972,3479792
217,1976,4278974
217,1980,6281138
217,1984,6614713
217,1988,7005226
217,1992,7295380
217,1996,7682683
217,2000,8872250
217,2004,10130251
217,2008,11397188
217,2012,12715487
217,2016,14185635
217,2020,15893219
218,Country,South Africa
218,Country Code,ZAF
218,1960,17099836
218,1964,18896303
218,1968,20942147
218,1972,23281517
218,1976,25836890
218,1980,28556771
218,1984,31841588
218,1988,35100905
218,1992,38672611
218,1996,42241007
218,2000,44967713
218,2004,47291610
218,2008,49779472
218,2012,52832659
218,2016,56207649
218,2020,59308690
219,Country,South Asia
219,Country Code,SAS
219,1960,572839530
219,1964,623943328
219,1968,682102192
219,1972,746911710
219,1976,819292532
219,1980,900620583
219,1984,989728262
219,1988,1084281159
219,1992,1184133340
219,1996,1287476203
219,2000,1390946065
219,2004,1493757846
219,2008,1592010815
219,2012,1683740452
219,2016,1771187426
219,2020,1856882402
220,Country,South Asia (IDA & IBRD)
220,Country Code,TSA
220,1960,572839530
220,1964,623943328
220,1968,682102192
220,1972,746911710
220,1976,819292532
220,1980,900620583
220,1984,989728262
220,1988,1084281159
220,1992,1184133340
220,1996,1287476203
220,2000,1390946065
220,2004,1493757846
220,2008,1592010815
220,2012,1683740452
220,2016,1771187426
220,2020,1856882402
221,Country,South Sudan
221,Country Code,SSD
221,1960,2842718
221,1964,3069735
221,1968,3340426
221,1972,3661442
221,1976,4041792
221,1980,4502603
221,1984,5096478
221,1988,5485288
221,1992,5305449
221,1996,5221925
221,2000,6199396
221,2004,7213354
221,2008,8736932
221,2012,10113648
221,2016,10832520
221,2020,11193729
222,Country,Spain
222,Country Code,ESP
222,1960,30455000
222,1964,31609195
222,1968,33113134
222,1972,34604469
222,1976,36137812
222,1980,37491165
222,1984,38330364
222,1988,38766939
222,1992,39157685
222,1996,39889852
222,2000,40567864
222,2004,42921895
222,2008,45954106
222,2012,46773055
222,2016,46484062
222,2020,47351567
223,Country,Sri Lanka
223,Country Code,LKA
223,1960,9874476
223,1964,10849977
223,1968,11937607
223,1972,13002234
223,1976,14012894
223,1980,15035840
223,1984,15948501
223,1988,16878186
223,1992,17736827
223,1996,18367290
223,2000,18777606
223,2004,19387153
223,2008,19983984
223,2012,20425000
223,2016,21203000
223,2020,21919000
224,Country,St. Kitts and Nevis
224,Country Code,KNA
224,1960,51199
224,1964,49928
224,1968,46399
224,1972,44318
224,1976,44140
224,1980,43201
224,1984,42198
224,1988,40633
224,1992,40691
224,1996,42472
224,2000,44083
224,2004,46323
224,2008,48178
224,2012,49881
224,2016,51629
224,2020,53192
225,Country,St. Lucia
225,Country Code,LCA
225,1960,89698
225,1964,94637
225,1968,101028
225,1972,106303
225,1976,111074
225,1980,117828
225,1984,124296
225,1988,133364
225,1992,141758
225,1996,148837
225,2000,156737
225,2004,161821
225,2008,170011
225,2012,176654
225,2016,180028
225,2020,183629
226,Country,St. Martin (French part)
226,Country Code,MAF
226,1960,3898
226,1964,4302
226,1968,5194
226,1972,6156
226,1976,7250
226,1980,8777
226,1984,9067
226,1988,24374
226,1992,31816
226,1996,26854
226,2000,28935
226,2004,33187
226,2008,36880
226,2012,37012
226,2016,36061
226,2020,38659
227,Country,St. Vincent and the Grenadines
227,Country Code,VCT
227,1960,80970
227,1964,85117
227,1968,88663
227,1972,92511
227,1976,96694
227,1980,100566
227,1984,103776
227,1988,106533
227,1992,107941
227,1996,107983
227,2000,107787
227,2004,108520
227,2008,108401
227,2012,108435
227,2016,109467
227,2020,110947
228,Country,Sub-Saharan Africa
228,Country Code,SSF
228,1960,227233184
228,1964,249873656
228,1968,275937546
228,1972,306359650
228,1976,342018937
228,1980,383188215
228,1984,429521914
228,1988,481594337
228,1992,538246439
228,1996,599067774
228,2000,665327588
228,2004,738983247
228,2008,822945490
228,2012,917725880
228,2016,1022530245
228,2020,1136046775
229,Country,Sub-Saharan Africa (excluding high income)
229,Country Code,SSA
229,1960,227191484
229,1964,249827334
229,1968,275886412
229,1972,306303621
229,1976,341958433
229,1980,383124954
229,1984,429457197
229,1988,481525582
229,1992,538175676
229,1996,598991357
229,2000,665246457
229,2004,738900772
229,2008,822858534
229,2012,917637577
229,2016,1022435568
229,2020,1135948313
230,Country,Sub-Saharan Africa (IDA & IBRD countries)
230,Country Code,TSS
230,1960,227233184
230,1964,249873656
230,1968,275937546
230,1972,306359650
230,1976,342018937
230,1980,383188215
230,1984,429521914
230,1988,481594337
230,1992,538246439
230,1996,599067774
230,2000,665327588
230,2004,738983247
230,2008,822945490
230,2012,917725880
230,2016,1022530245
230,2020,1136046775
231,Country,Sudan
231,Country Code,SDN
231,1960,7544498
231,1964,8503989
231,1968,9639846
231,1972,10974626
231,1976,12578398
231,1980,14507466
231,1984,16657956
231,1988,18867559
231,1992,21696240
231,1996,24782384
231,2000,27275019
231,2004,30214189
231,2008,33060844
231,2012,36193781
231,2016,39847433
231,2020,43849269
232,Country,Suriname
232,Country Code,SUR
232,1960,287870
232,1964,320267
232,1968,356551
232,1972,367907
232,1976,357949
232,1980,359531
232,1984,364722
232,1988,388877
232,1992,420658
232,1996,448207
232,2000,470944
232,2004,493680
232,2008,517122
232,2012,541247
232,2016,564883
232,2020,586634
233,Country,Sweden
233,Country Code,SWE
233,1960,7484656
233,1964,7661354
233,1968,7912273
233,1972,8122300
233,1976,8222286
233,1980,8310531
233,1984,8336605
233,1988,8436489
233,1992,8668067
233,1996,8840998
233,2000,8872109
233,2004,8993531
233,2008,9219637
233,2012,9519374
233,2016,9923085
233,2020,10353442
234,Country,Switzerland
234,Country Code,CHE
234,1960,5327827
234,1964,5789228
234,1968,6067714
234,1972,6260956
234,1976,6302504
234,1980,6319408
234,1984,6441865
234,1988,6593386
234,1992,6875364
234,1996,7071850
234,2000,7184250
234,2004,7389625
234,2008,7647675
234,2012,7996861
234,2016,8373338
234,2020,8636896
235,Country,Syrian Arab Republic
235,Country Code,SYR
235,1960,4573514
235,1964,5200341
235,1968,5935850
235,1972,6800148
235,1976,7794658
235,1980,8930776
235,1984,10293048
235,1988,11719064
235,1992,13187669
235,1996,14754148
235,2000,16410847
235,2004,17827827
235,2008,20664037
235,2012,20438861
235,2016,17465567
235,2020,17500657
236,Country,Tajikistan
236,Country Code,TJK
236,1960,2087053
236,1964,2402473
236,1968,2750932
236,1972,3111284
236,1976,3487658
236,1980,3905443
236,1984,4397563
236,1988,5001172
236,1992,5502490
236,1996,5851354
236,2000,6216329
236,2004,6662391
236,2008,7209924
236,2012,7874838
236,2016,8663575
236,2020,9537642
237,Country,Tanzania
237,Country Code,TZA
237,1960,10052151
237,1964,11295675
237,1968,12725519
237,1972,14428340
237,1976,16390161
237,1980,18538263
237,1984,20981775
237,1988,23670807
237,1992,26961204
237,1996,30444523
237,2000,33499177
237,2004,37379766
237,2008,41853944
237,2012,47053033
237,2016,53049231
237,2020,59734213
238,Country,Thailand
238,Country Code,THA
238,1960,27397208
238,1964,30881136
238,1968,34791418
238,1972,39058594
238,1976,43377270
238,1980,47374463
238,1984,51094870
238,1988,54891520
238,1992,57811025
238,1996,60130190
238,2000,62952639
238,2004,64995303
238,2008,66530980
238,2012,67835969
238,2016,68971313
238,2020,69799978
239,Country,Timor-Leste
239,Country Code,TLS
239,1960,474535
239,1964,510035
239,1968,548817
239,1972,600185
239,1976,627255
239,1980,599907
239,1984,641845
239,1988,701812
239,1992,783204
239,1996,855358
239,2000,884366
239,2004,971889
239,2008,1055428
239,2012,1133002
239,2016,1219289
239,2020,1318442
240,Country,Togo
240,Country Code,TGO
240,1960,1580508
240,1964,1662073
240,1968,1945777
240,1972,2247578
240,1976,2464424
240,1980,2720835
240,1984,3140840
240,1988,3577469
240,1992,3945902
240,1996,4348808
240,2000,4924406
240,2004,5467770
240,2008,6083417
240,2012,6773807
240,2016,7509952
240,2020,8278737
241,Country,Tonga
241,Country Code,TON
241,1960,61574
241,1964,71744
241,1968,81076
241,1972,86327
241,1976,89228
241,1980,92966
241,1984,93793
241,1988,94592
241,1992,95398
241,1996,96267
241,2000,97962
241,2004,100214
241,2008,103384
241,2012,102736
241,2016,101143
241,2020,105697
242,Country,Trinidad and Tobago
242,Country Code,TTO
242,1960,847973
242,1964,902620
242,1968,930792
242,1972,968136
242,1976,1025104
242,1980,1084743
242,1984,1155083
242,1988,1204150
242,1992,1236685
242,1996,1257547
242,2000,1267159
242,2004,1290115
242,2008,1314449
242,2012,1344814
242,2016,1377563
242,2020,1399491
243,Country,Tunisia
243,Country Code,TUN
243,1960,4178235
243,1964,4461111
243,1968,4845220
243,1972,5291335
243,1976,5786482
243,1980,6374040
243,1984,7135265
243,1988,7880333
243,1992,8613855
243,1996,9267335
243,2000,9708347
243,2004,10022278
243,2008,10414425
243,2012,10846993
243,2016,11303942
243,2020,11818618
244,Country,Turkey
244,Country Code,TUR
244,1960,27472339
244,1964,30244258
244,1968,33256465
244,1972,36587267
244,1976,40189561
244,1980,43975972
244,1984,48114158
244,1988,52053764
244,1992,55748946
244,1996,59423278
244,2000,63240196
244,2004,67010930
244,2008,70418612
244,2012,74651046
244,2016,79827868
244,2020,84339067
245,Country,Turkmenistan
245,Country Code,TKM
245,1960,1603254
245,1964,1833065
245,1968,2071793
245,1972,2324019
245,1976,2594315
245,1980,2876809
245,1984,3166215
245,1988,3493892
245,1992,3899843
245,1996,4287337
245,2000,4516128
245,2004,4703396
245,2008,4935765
245,2012,5267906
245,2016,5662371
245,2020,6031187
246,Country,Turks and Caicos Islands
246,Country Code,TCA
246,1960,5825
246,1964,5851
246,1968,5746
246,1972,6156
246,1976,7020
246,1980,7894
246,1984,9556
246,1988,11091
246,1992,13639
246,1996,16930
246,2000,20171
246,2004,26709
246,2008,31200
246,2012,34067
246,2016,36558
246,2020,38718
247,Country,Tuvalu
247,Country Code,TUV
247,1960,5321
247,1964,5354
247,1968,5598
247,1972,5786
247,1976,6319
247,1980,7631
247,1984,8110
247,1988,8637
247,1992,9110
247,1996,9317
247,2000,9392
247,2004,9871
247,2008,10315
247,2012,10744
247,2016,11232
247,2020,11792
248,Country,Uganda
248,Country Code,UGA
248,1960,6767092
248,1964,7719108
248,1968,8841156
248,1972,9929644
248,1976,11042975
248,1980,12442333
248,1984,14082870
248,1988,16180129
248,1992,18561668
248,1996,21032817
248,2000,23650159
248,2004,26821300
248,2008,30431734
248,2012,34558700
248,2016,39649173
248,2020,45741000
249,Country,Ukraine
249,Country Code,UKR
249,1960,42664646
249,1964,44796959
249,1968,46411816
249,1972,47783006
249,1976,49032729
249,1980,49965872
249,1984,50754000
249,1988,51521000
249,1992,52150400
249,1996,51057800
249,2000,49176500
249,2004,47451626
249,2008,46258189
249,2012,45593342
249,2016,45004673
249,2020,44134693
250,Country,United Arab Emirates
250,Country Code,ARE
250,1960,92417
250,1964,138049
250,1968,182620
250,1972,330968
250,1976,637926
250,1980,1019507
250,1984,1293970
250,1988,1627068
250,1992,2052892
250,1996,2539121
250,2000,3134067
250,2004,4068577
250,2008,7089486
250,2012,9141598
250,2016,9360975
250,2020,9890400
251,Country,United Kingdom
251,Country Code,GBR
251,1960,52400000
251,1964,54000000
251,1968,55211700
251,1972,56086065
251,1976,56211968
251,1980,56314216
251,1984,56422072
251,1988,56928327
251,1992,57580402
251,1996,58166950
251,2000,58892514
251,2004,59987905
251,2008,61806995
251,2012,63700215
251,2016,65611593
251,2020,67215293
252,Country,United States
252,Country Code,USA
252,1960,180671000
252,1964,191889000
252,1968,200706000
252,1972,209896000
252,1976,218035000
252,1980,227225000
252,1984,235825000
252,1988,244499000
252,1992,256514000
252,1996,269394000
252,2000,282162411
252,2004,292805298
252,2008,304093966
252,2012,313877662
252,2016,323071755
252,2020,329484123
253,Country,Upper middle income
253,Country Code,UMC
253,1960,1136464260
253,1964,1210649304
253,1968,1330348999
253,1972,1462600916
253,1976,1577700939
253,1980,1676276374
253,1984,1782261503
253,1988,1897982987
253,1992,2006684527
253,1996,2099939308
253,2000,2183135807
253,2004,2251348403
253,2008,2314543121
253,2012,2380514071
253,2016,2452128845
253,2020,2513672792
254,Country,Uruguay
254,Country Code,URY
254,1960,2538648
254,1964,2665383
254,1968,2774761
254,1972,2821458
254,1976,2841371
254,1980,2915389
254,1984,2992250
254,1988,3068714
254,1992,3154459
254,1996,3247383
254,2000,3319734
254,2004,3321486
254,2008,3340221
254,2012,3378975
254,2016,3424139
254,2020,3473727
255,Country,Uzbekistan
255,Country Code,UZB
255,1960,8526299
255,1964,9762819
255,1968,11294666
255,1972,12796982
255,1976,14242766
255,1980,15898760
255,1984,17615037
255,1988,19443890
255,1992,21449000
255,1996,23225000
255,2000,24650400
255,2004,25864350
255,2008,27302800
255,2012,29774500
255,2016,31847900
255,2020,34232050
256,Country,Vanuatu
256,Country Code,VUT
256,1960,63689
256,1964,72116
256,1968,80653
256,1972,90802
256,1976,103002
256,1980,115598
256,1984,127058
256,1988,139319
256,1992,155176
256,1996,171721
256,2000,184964
256,2004,204123
256,2008,224700
256,2012,249505
256,2016,278326
256,2020,307150
257,Country,"Venezuela, RB"
257,Country Code,VEN
257,1960,8141839
257,1964,9369101
257,1968,10702281
257,1972,12097696
257,1976,13572210
257,1980,15182616
257,1984,16876703
257,1988,18698850
257,1992,20557694
257,1996,22385650
257,2000,24192449
257,2004,25996594
257,2008,27635827
257,2012,29360827
257,2016,29851249
257,2020,28435943
258,Country,Vietnam
258,Country Code,VNM
258,1960,32670048
258,1964,36780001
258,1968,41193588
258,1972,45548476
258,1976,49785278
258,1980,54281841
258,1984,59512619
258,1988,65120432
258,1992,70883488
258,1996,76068739
258,2000,79910411
258,2004,83062819
258,2008,86243424
258,2012,89801926
258,2016,93640435
258,2020,97338583
259,Country,Virgin Islands (U.S.)
259,Country Code,VIR
259,1960,32500
259,1964,40800
259,1968,55700
259,1972,76319
259,1976,96166
259,1980,99636
259,1984,100600
259,1988,100952
259,1992,105712
259,1996,108095
259,2000,108642
259,2004,108466
259,2008,108397
259,2012,108188
259,2016,107516
259,2020,106290
260,Country,West Bank and Gaza
260,Country Code,PSE
260,1960,..
260,1964,..
260,1968,..
260,1972,..
260,1976,..
260,1980,..
260,1984,..
260,1988,..
260,1992,2163591
260,1996,2587997
260,2000,2922153
260,2004,3236626
260,2008,3591977
260,2012,3979998
260,2016,4367088
260,2020,4803269
261,Country,World
261,Country Code,WLD
261,1960,3032156070
261,1964,3255145692
261,1968,3532782993
261,1972,3836900801
261,1976,4135432265
261,1980,4432963653
261,1984,4755996689
261,1988,5101287675
261,1992,5452576447
261,1996,5789655609
261,2000,6114332517
261,2004,6431551721
261,2008,6757020825
261,2012,7085790438
261,2016,7424484741
261,2020,7752840547
262,Country,"Yemen, Rep."
262,Country Code,YEM
262,1960,5315351
262,1964,5641598
262,1968,6001858
262,1972,6390573
262,1976,6967944
262,1980,7941903
262,1984,9213078
262,1988,10730864
262,1992,12954157
262,1996,15469274
262,2000,17409071
262,2004,19540096
262,2008,21892149
262,2012,24473176
262,2016,27168210
262,2020,29825968
263,Country,Zambia
263,Country Code,ZMB
263,1960,3070780
263,1964,3463211
263,1968,3918872
263,1972,4466170
263,1976,5112823
263,1980,5851818
263,1984,6701547
263,1988,7598270
263,1992,8451346
263,1996,9339740
263,2000,10415942
263,2004,11550641
263,2008,12848531
263,2012,14465148
263,2016,16363449
263,2020,18383956
264,Country,Zimbabwe
264,Country Code,ZWE
264,1960,3776679
264,1964,4322854
264,1968,4941901
264,1972,5673914
264,1976,6502566
264,1980,7408630
264,1984,8562259
264,1988,9849129
264,1992,10900511
264,1996,11541215
264,2000,11881482
264,2004,12019911
264,2008,12379553
264,2012,13115149
264,2016,14030338
264,2020,14862927
