Country,Country Code,1960,1964,1968,1972,1976,1980,1984,1988,1992,1996,2000,2004,2008,2012,2016,2020
Afghanistan,AFG,8996967,9744772,10637064,11791222,12943093,13356500,12204306,11618008,14485543,18853444,20779957,24726689,27722281,31161378,35383028,38928341
Africa Eastern and Southern,AFE,130836765,144920186,161156430,180141148,202205766,227305945,255530063,287524258,322270073,358953595,398113044,441630149,491173160,547482863,609978946,677243299
Africa Western and Central,AFW,96396419,104953470,114781116,126218502,139813171,155882270,173991851,194070079,215976366,240114179,267214544,297353098,331772330,370243017,412551299,458803476
Albania,ALB,1608800,1814135,2022272,2243126,2458526,2671997,2904429,3142336,3247039,3168033,3089027,3026939,2947314,2900401,2876101,2837743
Algeria,DZA,11057864,12221675,13663581,15285992,17085799,19221659,21763578,24443472,27028330,29266415,31042238,32692153,34730604,37383899,40551398,43851043
American Samoa,ASM,20127,22850,25980,28564,30455,32648,37946,44346,49900,54209,57816,59684,57490,55669,55739,55197
Andorra,AND,13410,17466,21886,26885,31782,36063,42706,50433,58882,64363,65390,76250,83860,82427,77295,77265
Angola,AGO,5454938,5734995,5771973,6248965,7279630,8341290,9614756,11068051,12657361,14400722,16395477,18758138,21695636,25107925,28842482,32866268
Antigua and Barbuda,ATG,54132,57641,62523,64134,62353,61861,61784,61758,64459,70176,76007,80347,85394,90407,94520,97928
Arab World,ARB,92197715,102832792,115136161,128598743,144453278,164420771,186035280,208889669,232956364,259000937,282344141,307862846,338395936,371437642,404042892,436080728
Argentina,ARG,20481781,21824427,23168268,24653172,26264681,27896532,29737097,31668939,33529320,35246376,36870796,38491970,40080159,41733271,43590368,45376763
Armenia,ARM,1874119,2145004,2401142,2650484,2889583,3099759,3285593,3504667,3442820,3168213,3069597,3000715,2907615,2884239,2936147,2963234
Aruba,ABW,54208,57029,58377,59849,60586,60097,62826,61072,68240,83211,90866,98744,101362,102565,104865,106766
Australia,AUS,10276477,11167000,12009000,13177000,14033000,14692000,15544000,16532200,17495000,18311000,19153000,20127400,21249200,22733465,24190907,25687041
Austria,AUT,7047539,7223801,7415403,7544201,7565525,7549433,7561434,7585317,7840709,7959017,8011566,8171966,8321496,8429991,8736668,8917205
Azerbaijan,AZE,3895398,4456691,4960237,5385266,5768730,6150735,6557581,7010027,7382000,7763000,8048600,8306500,8763400,9295784,9757812,10110116
"Bahamas, The",BHS,109532,133705,158648,177863,192903,210589,229913,247451,266028,283980,298045,318893,343680,363581,377923,393248
Bahrain,BHR,162429,182888,200652,229151,283746,359897,407233,465198,523082,578661,664610,829846,1114645,1299942,1425793,1701583
Bangladesh,BGD,48013505,53741721,60918452,66625706,71652386,79639498,88416529,98186350,107983708,117649927,127657862,136986429,144304164,151005733,157977151,164689383
Barbados,BRB,230985,234588,237241,241523,247584,252388,255493,258970,262890,267047,271511,275283,279946,283698,285798,287371
Belarus,BLR,8198000,8524224,8874552,9188968,9411000,9643000,9910000,10140000,10216000,10160000,9979610,9730146,9527985,9464495,9501534,9398861
Belgium,BEL,9153489,9378113,9618756,9711115,9818227,9859242,9855372,9901664,10045158,10156637,10251250,10421137,10709973,11106932,11331422,11555997
Belize,BLZ,92068,103069,116065,127152,135143,144142,160341,179023,194324,213660,247310,276516,306822,338001,368399,397621
Benin,BEN,2431617,2585961,2791588,3043563,3347169,3717161,4156819,4672844,5331805,6094272,6865946,7750003,8696915,9729254,10872072,12123198
Bermuda,BMU,44400,48900,53000,54200,53200,54670,56423,58347,58595,60129,61833,63740,65273,64798,64554,63903
Bhutan,BTN,223284,246961,278731,316822,359721,406883,451471,509532,534525,541471,591014,638809,671611,701582,736706,771612
Bolivia,BOL,3656961,3957759,4297522,4682392,5113458,5579932,6054126,6580318,7160917,7779268,8418270,9069044,9721457,10377677,11031822,11673029
Bosnia and Herzegovina,BIH,3225664,3478999,3675448,3851153,4025271,4179850,4350566,4509462,4233673,3764419,3751176,3764194,3754261,3604972,3386263,3280815
Botswana,BWA,502733,547870,596946,667096,769982,897860,1031439,1200073,1363541,1504724,1643333,1765533,1915636,2039551,2159925,2351625
Brazil,BRA,72179235,81064572,90387079,99859388,109790943,120694012,132383569,143627505,154259382,164614682,174790339,184006479,192030362,199287292,206163056,212559409
British Virgin Islands,VGB,8053,8644,9427,10210,10821,11471,13317,16155,18443,19508,20313,22329,26096,28654,29355,30237
Brunei Darussalam,BRN,81707,97819,117897,142015,168173,193880,218176,244405,273888,304620,333166,359434,379418,398997,419791,437483
Bulgaria,BGR,7867374,8144340,8369603,8576200,8758599,8861535,8960679,8981446,8540164,8362826,8170172,7716860,7492561,7305888,7127822,6927288
Burkina Faso,BFA,4829289,5098891,5434046,5825174,6274032,6822837,7531239,8356313,9297110,10372734,11607951,13030576,14689725,16571252,18646350,20903278
Burundi,BDI,2797925,3026292,3336930,3569655,3770870,4157296,4621096,5168703,5685569,6060110,6378871,7131688,8126104,9245992,10488002,11890781
Cabo Verde,CPV,201770,222949,256169,271841,271345,283848,306140,325744,355763,395533,428178,456619,480846,505241,531140,555988
Cambodia,KHM,5722372,6331443,6779778,7302114,7404687,6693759,7447844,8435909,9623899,10982919,12155241,13066475,13883835,14780454,15766290,16718971
Cameroon,CMR,5176920,5643039,6201410,6867170,7664398,8621409,9757849,11075423,12499499,13970812,15513944,17259322,19252674,21485267,23926549,26545864
Canada,CAN,17909009,19325000,20744000,22218463,23449808,24515667,25607053,26791747,28371264,29610218,30685730,31940655,33247118,34714222,36109487,38005238
Caribbean small states,CSS,4194711,4508189,4773890,5012600,5246547,5482191,5751508,5930153,6112784,6331277,6513486,6696985,6878973,7072640,7269385,7442291
Cayman Islands,CYM,7870,8299,8638,10135,13023,16207,18662,22775,27784,34065,42305,47899,53835,58963,62564,65720
Central African Republic,CAF,1501668,1608618,1744198,1867786,1997017,2199359,2478382,2693974,2959236,3308235,3640421,3959883,4273368,4436411,4537683,4829764
Central Europe and the Baltics,CEB,91401764,94715795,97884022,100357161,103776068,106541316,108838073,110686740,110111454,109626194,108447824,106331716,105001883,103935318,102994278,102246330
Chad,TCD,3001604,3246527,3499370,3815253,4173131,4514427,4957561,5589624,6356741,7250974,8355654,9734761,11183589,12784748,14561658,16425859
Channel Islands,CHI,109419,113777,118725,123611,126908,128204,132445,138250,142006,144348,148439,150722,156441,162051,166922,173859
Chile,CHL,8132988,8821855,9468851,10103675,10756876,11419350,12078137,12847712,13719818,14587367,15342350,16014972,16708255,17400359,18209072,19116209
China,CHN,667070000,698355000,774510000,862030000,930685000,981235000,1036825000,1101630000,1164970000,1217550000,1262645000,1296075000,1324655000,1350695000,1378665000,1402112000
Colombia,COL,16057714,18175187,20393704,22516429,24608102,26900508,29331230,31822527,34422568,37076387,39629965,42075953,44254972,46075721,48175048,50882884
Comoros,COM,191122,203762,220574,239229,265958,307831,345455,387964,436454,488625,542358,597230,657227,723865,795597,869595
"Congo, Dem. Rep.",COD,15248256,16903830,18913874,21121360,23560470,26358905,29119663,32443784,37333917,42757239,47105830,53068869,60411195,69020749,78789130,89561404
"Congo, Rep.",COG,1018254,1125354,1253761,1406510,1582361,1777932,1996994,2231462,2489945,2785815,3127420,3510468,4011487,4510197,4980996,5518092
Costa Rica,CRI,1330787,1539942,1747690,1944170,2148681,2389973,2664220,2960932,3286525,3632361,3962369,4225156,4463123,4688003,4899336,5094114
Cote d'Ivoire,CIV,3503559,4071411,4713134,5576026,6713949,8033652,9530103,11094740,12812428,14665125,16454660,17970493,19605568,21547188,23822726,26378275
Croatia,HRV,4140181,4252876,4365628,4450564,4535934,4599782,4680285,4755207,4575818,4557097,4468302,4304600,4309705,4267558,4174349,4047200
Cuba,CUB,7141241,7793258,8413549,9025347,9554186,9849457,10031651,10397519,10736386,10939285,11126423,11250369,11236975,11257112,11335108,11326616
Curacao,CUW,124826,133148,140298,147710,149399,148041,151940,149254,143912,146306,133860,134192,145880,152088,159664,155014
Cyprus,CYP,572933,578628,598495,628002,657524,685408,697715,736476,800610,873426,943288,1010410,1081568,1135046,1170189,1207361
Czech Republic,CZE,9602006,9727804,9876346,9867632,10125939,10304193,10330213,10355276,10319123,10315241,10255063,10197101,10384603,10510785,10566332,10698896
Denmark,DNK,4579603,4722072,4864883,4991596,5072596,5123027,5111619,5129516,5171370,5263074,5339616,5404523,5493621,5591572,5728010,5831404
Djibouti,DJI,83634,107582,140462,179237,248556,358960,406018,528993,615050,643649,717577,771599,816361,868136,929117,988002
Dominica,DMA,60020,63921,69034,71731,72662,75318,73846,71212,70546,70933,69650,70387,70829,70954,71307,71991
Dominican Republic,DOM,3294222,3757123,4247559,4755464,5275767,5803929,6331760,6863438,7408339,7952766,8471317,8974444,9458079,9930916,10397738,10847904
Early-demographic dividend,EAR,980003345,1077531237,1187474694,1309397210,1442862522,1589897378,1758863284,1937278919,2117785781,2294576653,2472852816,2646483605,2820636607,2994346938,3164439749,3332105361
East Asia & Pacific,EAS,1041673567,1109291332,1224481196,1355934840,1467572978,1559219642,1659196213,1767394678,1872676768,1965146473,2047640091,2115458625,2177119138,2236817711,2298500738,2352037717
East Asia & Pacific (excluding high income),EAP,894875757,952494226,1057848841,1176909425,1277786882,1360437112,1451901724,1553548236,1652528279,1738949771,1816455800,1880248912,1938057262,1994389913,2053107304,2105003391
East Asia & Pacific (IDA & IBRD countries),TEA,883445587,940205341,1044230688,1161692236,1261221802,1342952249,1433295157,1533819032,1631566861,1716810410,1793498345,1856486255,1913718217,1969561377,2027772092,2079198305
Ecuador,ECU,4543658,5093848,5725462,6429377,7187794,7989178,8843463,9755576,10716131,11703169,12681123,13596390,14535740,15474099,16491116,17643060
"Egypt, Arab Rep.",EGY,26632891,29644875,32881852,36102670,39422731,43309063,47968643,53399243,58666812,63601632,68831561,74172073,79636081,86422240,94447071,102334403
El Salvador,SLV,2766319,3109571,3481624,3867310,4247508,4591135,4871041,5133273,5416327,5689943,5887930,6023801,6131767,6237922,6356137,6486201
Equatorial Guinea,GNQ,255338,270616,299416,289508,247969,249931,331554,394973,447269,515844,606180,716949,860839,1031191,1215181,1402985
Eritrea,ERI,1007586,1118152,1242633,1384789,1547978,1733423,1946299,2185607,2257593,2196467,2292413,2719809,3062782,..,..,..
Estonia,EST,1211537,1277086,1331214,1392518,1439576,1477219,1518617,1561900,1533091,1415594,1396985,1362550,1337090,1322696,1315790,1331057
Eswatini,SWZ,336578,365120,406508,457039,515602,587852,675240,773774,866995,945506,1005432,1026287,1049948,1079285,1113994,1160164
Ethiopia,ETH,22151284,24397010,26944386,30140799,33128151,35141703,39374346,44757205,51423591,58883531,66224809,74239508,82916236,92726982,103603461,114963583
Euro area,EMU,265203956,275163380,283866408,290874612,297251532,302184216,305299144,308516476,314162056,318003013,321310789,327682513,334274725,336159199,340481755,342949773
Europe & Central Asia,ECS,666753356,698355574,725725300,749283635,772129341,793299463,812662217,832553390,848877909,856857233,861278544,868808153,880932055,893786694,910910900,923489941
Europe & Central Asia (excluding high income),ECA,274647228,291878870,306934517,320945150,335100864,349436199,363975241,378837514,388125580,390932358,391586634,391535458,394392601,402565848,412578888,420249459
Europe & Central Asia (IDA & IBRD countries),TEC,308424859,327271196,343594800,358451364,373993098,389610131,405559660,421417208,431065065,434113825,434313565,434022280,436828065,444896570,454723324,462247461
European Union,EUU,356906098,369850237,381605442,390995000,400473497,407875838,412931321,417653046,422963890,426896861,429328622,434040244,439876674,441395937,445487730,447794691
Faroe Islands,FRO,34624,36409,38131,39915,41724,43339,44895,46833,46746,45624,46738,47600,47822,47843,48173,48865
Fiji,FJI,393480,450538,498944,542843,587561,635312,700478,722924,744470,784389,811011,817864,845356,865065,872406,896444
Finland,FIN,4429634,4548543,4626469,4639657,4725664,4779535,4881803,4946481,5041992,5124573,5176209,5228172,5313399,5413971,5495303,5530719
Fragile and conflict affected situations,FCS,208280083,228670583,252116419,278767597,309196463,343334222,378570396,416947257,466482751,520303326,572303917,633460044,700030438,772742559,849739853,930006546
France,FRA,46621688,49230585,51175507,52793151,54220033,55161510,56337675,57627106,58851216,59753095,60912500,62704901,64374979,65659814,66724104,67391582
French Polynesia,PYF,78080,90132,103329,118438,135559,153298,172249,191260,207238,222323,240681,255995,264064,268995,274576,280904
Gabon,GAB,500922,524891,565763,611705,661398,726335,805117,898472,1002573,1112944,1228359,1353788,1518538,1749677,2007882,2225728
"Gambia, The",GMB,365049,396012,438590,492424,557810,637252,725688,873440,1027476,1164091,1317708,1496524,1689288,1905020,2149134,2416664
Georgia,GEO,3645600,3870300,4042300,4205300,4342400,4467700,4622200,4790700,4873500,4491699,4077131,3927340,3848449,3728874,3727505,3714000
Germany,DEU,72814900,75318337,77294314,78688452,78336950,78288576,77858685,78144619,80624598,81914831,82211508,82516260,82110097,80425823,82348669,83240525
Ghana,GHA,6635229,7524470,8321773,9229640,10199164,11056112,12405659,13947047,15653345,17462504,19278850,21272328,23563832,25996454,28481947,31072945
Gibraltar,GIB,23420,25478,27693,29353,30179,30068,29284,29164,28844,28970,31081,32930,33570,33653,33738,33691
Greece,GRC,8331725,8510429,8740765,8888628,9188150,9642505,9895801,10036983,10399061,10608800,10805808,10955141,11077841,11045011,10775971,10715549
Greenland,GRL,32500,37600,43400,48300,49700,50200,52700,54800,55300,55900,56200,56911,56328,56810,56186,56367
Grenada,GRD,89927,94122,94929,93984,91469,89032,98472,98126,97161,101003,102837,104346,105457,107452,110263,112519
Guam,GUM,66733,73047,80212,87580,95380,104134,113953,124674,136693,148061,155323,158094,159037,159990,162948,168783
Guatemala,GTM,4128880,4640795,5184095,5723759,6269983,6890346,7669863,8566331,9544055,10536942,11589761,12682108,13739299,14781942,15827690,16858333
Guinea,GIN,3494164,3735912,4013050,4290544,4559239,4871446,5326369,5982484,6716032,7463782,8240735,8925729,9738796,10652032,11738434,13132792
Guinea-Bissau,GNB,616140,641821,680431,732516,770415,781678,851276,933046,1020353,1110835,1201305,1313492,1446936,1604981,1782434,1967998
Guyana,GUY,571813,637835,686144,721949,754101,780153,775217,750641,748596,760801,746718,745737,746815,755388,771363,786559
Haiti,HTI,3866162,4177631,4509811,4837334,5191637,5643175,6194686,6758222,7319491,7887312,8463802,9047082,9646570,10250922,10839976,11402533
Heavily indebted poor countries (HIPC),HPC,161734348,178048131,197119416,219004306,243590882,270668519,299959455,334249174,376055877,423019239,471680803,528444638,590590409,660193919,738387077,823480038
High income,HIC,759783611,799159797,833895491,869313732,901732072,932075328,960111311,986702713,1016513603,1047818942,1074819578,1103693618,1138167727,1166465944,1194191812,1214930230
Honduras,HND,2038636,2280044,2560723,2882102,3251145,3678274,4154864,4677023,5244677,5874814,6574510,7282953,7980955,8640692,9270794,9904608
"Hong Kong SAR, China",HKG,3075605,3504600,3802700,4123600,4518000,5063100,5397900,5627600,5800500,6435500,6665000,6783500,6957800,7150100,7336600,7481800
Hungary,HUN,9983967,10119835,10255815,10398489,10598677,10711122,10668095,10596487,10369341,10311238,10210971,10107146,10038188,9920362,9814023,9749763
Iceland,ISL,175574,188983,201488,209137,220154,228138,239511,249740,261057,268916,281205,292074,317414,320716,335439,366425
IDA & IBRD total,IBT,2299245319,2483839827,2726850543,2994908497,3261263509,3529315742,3825225748,4144329655,4463427809,4768632853,5065364303,5352930991,5643704018,5943942309,6254651557,6562212357
IDA blend,IDB,..,..,..,..,..,..,..,..,..,..,..,..,..,..,..,..
IDA only,IDX,..,..,..,..,..,..,..,..,..,..,..,..,..,..,..,..
IDA total,IDA,..,..,..,..,..,..,..,..,..,..,..,..,..,..,..,..
India,IND,450547675,488848139,531513834,581087255,637630085,698952837,766833411,837468938,909307018,982365248,1056575548,1129623466,1200669762,1265780243,1324517250,1380004385
Indonesia,IDN,87751066,97596728,108779926,121017316,133966940,147447834,161523353,174975953,187739786,199901231,211513822,223285666,235469755,248451714,261556386,273523621
"Iran, Islamic Rep.",IRN,21906909,24307855,27032576,30075295,33733975,38650244,45472792,53077312,58780376,62294919,65623397,68951279,72120608,75539881,79563991,83992953
Iraq,IRQ,7289753,8122199,9260687,10599661,12068675,13653348,15190396,16612319,18402740,20783073,23497589,26313838,28385739,31890012,36610632,40222503
Ireland,IRL,2828600,2866550,2915550,3036850,3238050,3412800,3532423,3524949,3558430,3637510,3805174,4070262,4489544,4599533,4755335,4994724
Isle of Man,IMN,48444,49396,53252,57166,60374,63546,63812,67927,71262,72884,76942,79515,83515,84534,83296,85032
Israel,ISR,2114020,2475000,2803000,3148000,3533000,3878000,4159000,4442000,5123000,5692000,6289000,6809000,7308800,7910500,8546000,9216900
Italy,ITA,50199700,51675350,53235750,54381345,55718260,56433883,56576718,56629288,56797087,56860281,56942108,57685327,58826731,59539717,60627498,59554023
Jamaica,JAM,1628524,1730739,1825873,1935089,2055371,2162839,2306367,2389415,2461047,2558631,2654698,2725017,2781869,2842128,2906242,2961161
Japan,JPN,93216000,96903000,101011000,107188000,112775000,116807000,120083000,122578000,124425000,125757000,126843000,127761000,128063000,127629000,126994511,125836021
Jordan,JOR,933102,1102404,1500168,1883923,2123180,2377997,2784457,3256552,3977667,4732848,5122495,5580241,6556473,8089963,9554286,10203140
Kazakhstan,KAZ,9934564,11511856,12611432,13463985,14212145,14796175,15483411,16205998,16439095,15578227,14883626,15012984,15776938,16792090,17794055,18754440
Kenya,KEN,8120082,9222692,10539909,12146070,14096258,16417203,19146403,22153685,25326080,28589456,31964557,35635267,39791984,44343469,49051531,53771300
Kiribati,KIR,41196,45392,49354,52775,55922,59296,62745,69087,74767,78904,84405,90498,98760,106359,112529,119446
"Korea, Dem. People's Rep.",PRK,11424189,12282417,13609976,15207765,16554744,17472144,18590142,19708316,20937407,22113428,22929078,23732740,24310143,24800638,25307665,25778815
"Korea, Rep.",KOR,25012374,27984155,30838302,33505406,35848523,38123775,40405956,42031247,43747962,45524681,47008111,48082519,49054708,50199853,51217803,51780579
Kosovo,XKX,947000,1050000,1163000,1278000,1400000,1521000,1647000,1791000,1932000,2059000,1700000,1704622,1747383,1807106,1777557,1775378
Kuwait,KWT,269026,423900,632911,851918,1085866,1368680,1652150,2034850,..,1626858,2045123,2200498,2656010,3348852,3956862,4270563
Kyrgyz Republic,KGZ,2172300,2495300,2818300,3088200,3358700,3617400,3916400,4218400,4515400,4628400,4898400,5104700,5318700,5607200,6079500,6591600
Lao PDR,LAO,2120892,2327137,2556845,2840842,3098962,3258149,3586315,4020817,4500346,4951189,5323701,5662199,6046630,6444527,6845848,7275556
Late-demographic dividend,LTE,1096903448,1165421495,1277803242,1400911434,1506611986,1595481006,1691255626,1796650131,1892668367,1975201502,2045125929,2100746553,2154348068,2206930121,2261410364,2307887395
Latin America & Caribbean,LCN,219828794,245147710,272006857,300028905,329348136,360211832,392750803,425549887,458041493,490002410,520903474,549590680,576783743,603094656,628493594,652276325
Latin America & Caribbean (excluding high income),LAC,197123485,220096687,244674060,270368419,297207329,325470475,355331567,385236744,414713589,443669730,471805920,497915775,522729313,546631449,570838477,595242966
Latin America & the Caribbean (IDA & IBRD countries),TLA,209749023,234169957,260246118,287442489,315955197,346328178,378506071,410761042,442751009,474321040,504921279,533415243,560624662,586999600,612511541,636492840
Latvia,LVA,2120979,2240623,2323619,2395674,2470989,2511701,2562047,2653434,2614338,2457222,2367550,2263122,2177322,2034319,1959537,1901548
Least developed countries: UN classification,LDC,240518397,264174076,292046003,321797948,353691447,390612544,432185306,479814027,534731004,594801271,657215854,726331171,798563425,876867234,963519718,1057438163
Lebanon,LBN,1804935,2041231,2210769,2417837,2596409,2588928,2638056,2684682,3076133,3610663,3842774,4569377,4764745,5537620,6714281,6825442
Lesotho,LSO,837264,903757,983683,1077102,1193517,1340258,1489685,1630993,1782284,1934294,2032805,2005953,1987130,2014988,2075041,2142252
Liberia,LBR,1118655,1217905,1333980,1474567,1645833,1852991,2111667,2134105,2001612,2160480,2848447,3135654,3607863,4135662,4586788,5057677
Libya,LBY,1448416,1667822,1958909,2327487,2754698,3219462,3746712,4220451,4650896,5036173,5357893,5710163,6058740,6285751,6492160,6871287
Liechtenstein,LIE,16501,18170,20237,22161,23933,25881,27028,28135,29552,31354,33184,34444,35469,36615,37655,38137
Lithuania,LTU,2778550,2935200,3078850,3213622,3328664,3413202,3514205,3655049,3700114,3601613,3499536,3377075,3198231,2987773,2868231,2794700
Low & middle income,LMY,2264230620,2446616794,2688185221,2955489373,3220127983,3485705709,3779008675,4095886112,4415505150,4719451017,5015320490,5301861509,5591217271,5889963667,6200441680,6509474374
Low income,LIC,137782356,150668279,166378127,184306845,203955515,225445124,248343146,275322077,308709029,346863261,387088076,434055590,486468200,541205688,599290280,665149035
Lower middle income,LMC,989984004,1085299211,1191458095,1308581612,1438471529,1583984211,1748404026,1922581048,2100111594,2272648448,2445096607,2616457516,2790205950,2968243908,3149022555,3330652547
Luxembourg,LUX,313970,327750,335850,346600,360731,364150,365998,373450,392175,414225,436300,458095,488650,530946,582014,632275
"Macao SAR, China",MAC,167795,193556,233002,248770,239074,238085,271914,320774,362308,393376,427772,471600,515232,564037,612824,649342
Madagascar,MDG,5099368,5625164,6234468,6946619,7773452,8716549,9780869,10952396,12301338,13902697,15766806,17802992,19996476,22346641,24894370,27691019
Malawi,MWI,3659980,4032364,4464427,4958556,5545653,6250434,6964613,8636686,9685974,10022783,11148751,12301837,13727899,15396010,17205253,19129955
Malaysia,MYS,8156342,9253827,10297983,11324277,12468688,13798094,15192300,17022470,19002660,21017619,23194252,25190647,27236003,29068189,30684652,32365998
Maldives,MDV,89873,100177,109893,123347,140563,158271,182848,209787,236271,259178,279396,311265,343448,397231,475505,540542
Mali,MLI,5263727,5503750,5780836,6147464,6596721,7090124,7694857,8171525,8850334,9837575,10946448,12369078,14113578,15979492,17965448,20250834
Malta,MLT,326550,321250,307900,302450,305774,316645,330593,347325,367618,379905,390087,401268,409379,420028,455356,525285
Marshall Islands,MHL,14674,16710,18966,22335,26548,30574,36564,44092,49242,50523,50754,54476,56166,56712,57723,59194
Mauritania,MRT,850377,956794,1079580,1217443,1370364,1540644,1730737,1930427,2142645,2372900,2630217,2939246,3296237,3706555,4163532,4649660
Mauritius,MUS,659351,736381,798413,852053,906507,966039,1012221,1043239,1084441,1133996,1186873,1221003,1244121,1255882,1263473,1265740
Mexico,MEX,37771861,42771077,48431971,54689944,61242189,67761367,74352631,80788725,87075136,93147045,98899845,104514934,110815272,117274156,123333379,128932753
"Micronesia, Fed. Sts.",FSM,44510,50476,58386,62275,64360,72936,83192,91984,101386,108311,107405,106624,103549,104506,110215,115021
Middle East & North Africa,MEA,105203230,117271192,131026902,146213398,163532333,184628581,210648804,238565130,265656639,292041169,315326781,340143477,369823227,401968363,433616042,464554123
Middle East & North Africa (excluding high income),MNA,97553136,108376349,120739199,134051048,148781943,166616386,188614684,212456877,237828686,259431598,279279614,299502746,321168746,344998428,370294017,396147843
Middle East & North Africa (IDA & IBRD countries),TMN,97553136,108376349,120739199,134051048,148781943,166616386,188614684,212456877,235665095,256843601,276357461,296266120,317576769,341018430,365926929,391344574
Middle income,MIC,2126448264,2295948515,2521807094,2771182528,3016172468,3260260585,3530665529,3820564035,4106796121,4372587756,4628232414,4867805919,5104749071,5348757979,5601151400,5844325339
Moldova,MDA,2043664,2228429,2377848,2515217,2638126,2728099,2840565,2940177,2977130,2946401,2923783,2895147,2867964,2859458,2802170,2617820
Monaco,MCO,22461,23236,23295,24049,25523,26752,28511,29232,29859,31001,32148,33499,34860,36459,38070,39244
Mongolia,MNG,955514,1074518,1207104,1356673,1520868,1689622,1871089,2089709,2243495,2316571,2397417,2496394,2631899,2824698,3056358,3278292
Montenegro,MNE,480579,521753,517481,521785,552562,572608,600884,607413,608516,611003,604950,613353,616969,620601,622303,621718
Morocco,MAR,12328532,13857656,15307267,16696890,18198836,19990006,22002641,23903592,25711410,27383472,28793672,30115196,31536807,33241898,35126274,36910558
Mozambique,MOZ,7184870,7857107,8614445,9446235,10443954,11630194,12636120,12758003,13805999,15960445,17711925,19910549,22276596,24862673,27829930,31255435
Myanmar,MMR,21736947,23717785,26015239,28570093,31314347,34224316,37241530,40085653,42401686,44452203,46719698,48564489,49929642,51413703,53045199,54409794
Namibia,NAM,634138,698797,773428,868954,971117,1057723,1162282,1336545,1516951,1663378,1794583,1907737,2043382,2194777,2358044,2540916
Nauru,NRU,4377,5590,6343,6798,7284,7751,8331,9058,10030,10677,10335,9906,9880,10136,10474,10834
Nepal,NPL,10105060,10783958,11603921,12583142,13719466,15016408,16477488,18020755,19938322,22090352,23941099,25419337,26666581,26989160,27263430,29136808
Netherlands,NLD,11486631,12127120,12729721,13328593,13774037,14149800,14424211,14760094,15184166,15530498,15925513,16281779,16445593,16754962,17030314,17441139
New Caledonia,NCL,79000,88100,99500,125500,134000,140050,151650,163650,179799,197564,213230,228750,242750,259000,269350,271960
New Zealand,NZL,2371800,2585400,2748100,2903900,3110500,3112900,3227100,3283400,3531700,3732000,3857700,4087500,4259800,4408100,4714100,5084300
Nicaragua,NIC,1773132,2006478,2264623,2558705,2894967,3265520,3642978,3995529,4364514,4741571,5069310,5364930,5667436,5982530,6303970,6624554
Niger,NER,3388774,3802802,4263925,4768225,5335083,5989000,6719310,7548429,8566773,9826600,11331561,13125914,15250913,17795209,20788789,24206636
Nigeria,NGA,45138460,49066762,53506201,58665813,65221379,73423646,81448757,90395278,100161708,110668784,122283853,135320420,150269622,167228803,185960244,206139587
North America,NAC,198624409,211262900,221503000,232168663,241538008,251795337,261488476,271349094,284943859,299064347,312909974,324809693,337406357,348656682,359245796,367553264
North Macedonia,MKD,1488670,1569139,1672399,1754951,1825559,1924203,1974413,1995508,1988659,1989441,2034823,2057044,2067309,2074275,2080746,2083380
Northern Mariana Islands,MNP,9980,10780,12135,13884,15024,16633,25496,40294,46473,47518,57453,57240,54621,54306,56187,57557
Norway,NOR,3581239,3694339,3816486,3933004,4026152,4085620,4140099,4209488,4286401,4381336,4490967,4591910,4768212,5018573,5234519,5379475
Not classified,INX,..,..,..,..,..,..,..,..,..,..,..,..,..,..,..,..
OECD members,OED,809413164,855187441,897619456,940747243,981155050,1018954080,1054256534,1088387125,1128349539,1165880992,1200836415,1236872189,1274522708,1306807834,1341701902,1370858752
Oman,OMN,551735,608890,679592,776385,927434,1154373,1431066,1678119,1983272,2236652,2267973,2445524,2750956,3498031,4479217,5106622
Other small states,OSS,9151857,9840401,10606217,11488070,12475005,13598547,14962369,16610046,18156582,19460551,20917080,22442097,24762404,27227313,29542903,31941786
Pacific island small states,PSS,865064,984824,1098151,1202128,1306023,1420314,1555395,1650438,1750932,1868390,1962451,2050583,2157454,2268553,2385744,2528958
Pakistan,PAK,44988690,49627623,55102690,61381982,68834324,78054346,89213708,101389603,113911126,127349293,142343583,156664698,171648984,187280125,203631356,220892331
Palau,PLW,9769,10792,11460,12342,12835,12178,13190,14400,15859,17599,19104,19861,18708,17635,17718,18092
Panama,PAN,1133005,1276331,1434676,1607797,1791389,1978489,2170330,2368556,2575949,2796291,3030333,3269356,3516204,3770635,4037073,4314768
Papua New Guinea,PNG,2255858,2434220,2656636,2918138,3219825,3571209,3975950,4399320,4836216,5314258,5847590,6354247,6976200,7631003,8271766,8947027
Paraguay,PRY,1903990,2115573,2351926,2597149,2861868,3181627,3571275,4001678,4445019,4887638,5323202,5730556,6081296,6421510,6777878,7132530
Peru,PER,10155011,11383364,12735491,14221954,15838568,17547612,19319746,21153462,22966822,24753825,26459944,27624226,28562321,29506790,30926036,32971846
Philippines,PHL,26269741,29958687,33795203,37923400,42446659,47357741,52827047,58794999,65020124,71401743,77991757,84710544,90901967,97212639,103663812,109581085
Poland,POL,29637450,31139450,32294655,33055650,34356300,35574150,36904134,37824487,38363667,38624370,38258629,38182222,38125759,38063164,37970087,37950802
Portugal,PRT,8857716,9035365,8836650,8630430,9355810,9766312,9996232,10019610,9952494,10063945,10289898,10483861,10558177,10514844,10325452,10305564
Post-demographic dividend,PST,755229793,792263980,824733296,857079422,885145869,909890607,931410415,952173528,977878861,1000603716,1020504874,1041075191,1064394135,1082374116,1101866343,1115116448
Pre-demographic dividend,PRE,187617086,205835402,227201766,252097876,282049633,317462476,352822095,392393113,440397744,494517689,550660000,617518659,691447634,775573262,869943573,970795671
Puerto Rico,PRI,2358000,2554066,2662064,2817256,3043854,3206000,3344190,3473898,3585176,3724655,3810605,3826878,3760866,3634488,3406672,3194034
Qatar,QAT,47383,67562,93206,130505,173716,223622,341272,443611,495403,522531,592467,753332,1436670,2196078,2654379,2881060
Romania,ROU,18406905,18919126,19799831,20657957,21551634,22207282,22640547,23057662,22794284,22619004,22442971,21451748,20537875,20058035,19702267,19286123
Russian Federation,RUS,119897000,125345000,128928000,131909000,135147000,139010000,142745000,146857000,148538197,148160129,146596869,144067316,142742366,143201721,144342397,144104080
Rwanda,RWA,2935575,3164258,3529839,3987223,4506109,5153314,5902847,7088194,6702239,6013112,7933688,8680516,9524532,10549668,11668829,12952209
Samoa,WSM,108627,123346,137484,147295,152362,155522,159243,161369,165490,171165,174454,178597,183270,189089,194540,198410
San Marino,SMR,15440,17101,18668,19490,20086,21453,22546,23548,24830,26253,27460,28942,30434,32103,33503,33938
Sao Tome and Principe,STP,64294,64278,70258,77930,85475,95788,102826,113288,124574,133799,142264,153736,171122,188394,203221,219161
Saudi Arabia,SAU,4086534,4677304,5387822,6392973,7802928,9691471,12418836,15070082,17282686,19033843,20663840,23132686,25888535,29154906,32443443,34813867
Senegal,SEN,3206757,3580241,4014107,4522886,5057375,5583157,6277420,7086624,7990090,8912872,9797731,10810086,12004700,13401990,14993514,16743930
Serbia,SRB,6608000,6765000,6915000,7053000,7214000,7362000,7489000,7572000,7646424,7617794,7516346,7463157,7350222,7199077,7058322,6908224
Seychelles,SYC,41700,46322,51134,56029,60504,63261,64717,68755,70763,76417,81131,82475,86956,88303,94677,98462
Sierra Leone,SLE,2317638,2466671,2644011,2854866,3102595,3388494,3707513,4156636,4347727,4312660,4584570,5433995,6133599,6712586,7328846,7976985
Singapore,SGP,1646400,1841600,2012000,2152400,2293300,2413945,2732221,2846108,3230698,3670704,4027887,4166664,4839396,5312437,5607283,5685807
Sint Maarten (Dutch part),SXM,2833,4063,5857,7892,10147,13097,17517,25334,30458,31434,30519,32488,33964,34640,39969,40812
Slovak Republic,SVK,4068095,4327341,4483915,4596622,4789507,4979815,5127097,5250596,5305016,5373361,5388720,5372280,5379233,5407579,5430798,5458827
Slovenia,SVN,1584720,1632114,1704546,1752233,1820249,1901315,1932154,1995196,1996498,1988628,1988925,1997012,2021316,2057159,2065042,2100126
Small states,SST,14211632,15333414,16478258,17702798,19027575,20501052,22269272,24190637,26020298,27660218,29393017,31189665,33798831,36568506,39198032,41913035
Solomon Islands,SLB,117847,132766,149887,172550,200602,230550,262691,294976,330004,369517,412665,458549,503366,556066,619438,686878
Somalia,SOM,2755967,3001160,3312735,3479792,4278974,6281138,6614713,7005226,7295380,7682683,8872250,10130251,11397188,12715487,14185635,15893219
South Africa,ZAF,17099836,18896303,20942147,23281517,25836890,28556771,31841588,35100905,38672611,42241007,44967713,47291610,49779472,52832659,56207649,59308690
South Asia,SAS,572839530,623943328,682102192,746911710,819292532,900620583,989728262,1084281159,1184133340,1287476203,1390946065,1493757846,1592010815,1683740452,1771187426,1856882402
South Asia (IDA & IBRD),TSA,572839530,623943328,682102192,746911710,819292532,900620583,989728262,1084281159,1184133340,1287476203,1390946065,1493757846,1592010815,1683740452,1771187426,1856882402
South Sudan,SSD,2842718,3069735,3340426,3661442,4041792,4502603,5096478,5485288,5305449,5221925,6199396,7213354,8736932,10113648,10832520,11193729
Spain,ESP,30455000,31609195,33113134,34604469,36137812,37491165,38330364,38766939,39157685,39889852,40567864,42921895,45954106,46773055,46484062,47351567
Sri Lanka,LKA,9874476,10849977,11937607,13002234,14012894,15035840,15948501,16878186,17736827,18367290,18777606,19387153,19983984,20425000,21203000,21919000
St. Kitts and Nevis,KNA,51199,49928,46399,44318,44140,43201,42198,40633,40691,42472,44083,46323,48178,49881,51629,53192
St. Lucia,LCA,89698,94637,101028,106303,111074,117828,124296,133364,141758,148837,156737,161821,170011,176654,180028,183629
St. Martin (French part),MAF,3898,4302,5194,6156,7250,8777,9067,24374,31816,26854,28935,33187,36880,37012,36061,38659
St. Vincent and the Grenadines,VCT,80970,85117,88663,92511,96694,100566,103776,106533,107941,107983,107787,108520,108401,108435,109467,110947
Sub-Saharan Africa,SSF,227233184,249873656,275937546,306359650,342018937,383188215,429521914,481594337,538246439,599067774,665327588,738983247,822945490,917725880,1022530245,1136046775
Sub-Saharan Africa (excluding high income),SSA,227191484,249827334,275886412,306303621,341958433,383124954,429457197,481525582,538175676,598991357,665246457,738900772,822858534,917637577,1022435568,1135948313
Sub-Saharan Africa (IDA & IBRD countries),TSS,227233184,249873656,275937546,306359650,342018937,383188215,429521914,481594337,538246439,599067774,665327588,738983247,822945490,917725880,1022530245,1136046775
Sudan,SDN,7544498,8503989,9639846,10974626,12578398,14507466,16657956,18867559,21696240,24782384,27275019,30214189,33060844,36193781,39847433,43849269
Suriname,SUR,287870,320267,356551,367907,357949,359531,364722,388877,420658,448207,470944,493680,517122,541247,564883,586634
Sweden,SWE,7484656,7661354,7912273,8122300,8222286,8310531,8336605,8436489,8668067,8840998,8872109,8993531,9219637,9519374,9923085,10353442
Switzerland,CHE,5327827,5789228,6067714,6260956,6302504,6319408,6441865,6593386,6875364,7071850,7184250,7389625,7647675,7996861,8373338,8636896
Syrian Arab Republic,SYR,4573514,5200341,5935850,6800148,7794658,8930776,10293048,11719064,13187669,14754148,16410847,17827827,20664037,20438861,17465567,17500657
Tajikistan,TJK,2087053,2402473,2750932,3111284,3487658,3905443,4397563,5001172,5502490,5851354,6216329,6662391,7209924,7874838,8663575,9537642
Tanzania,TZA,10052151,11295675,12725519,14428340,16390161,18538263,20981775,23670807,26961204,30444523,33499177,37379766,41853944,47053033,53049231,59734213
Thailand,THA,27397208,30881136,34791418,39058594,43377270,47374463,51094870,54891520,57811025,60130190,62952639,64995303,66530980,67835969,68971313,69799978
Timor-Leste,TLS,474535,510035,548817,600185,627255,599907,641845,701812,783204,855358,884366,971889,1055428,1133002,1219289,1318442
Togo,TGO,1580508,1662073,1945777,2247578,2464424,2720835,3140840,3577469,3945902,4348808,4924406,5467770,6083417,6773807,7509952,8278737
Tonga,TON,61574,71744,81076,86327,89228,92966,93793,94592,95398,96267,97962,100214,103384,102736,101143,105697
Trinidad and Tobago,TTO,847973,902620,930792,968136,1025104,1084743,1155083,1204150,1236685,1257547,1267159,1290115,1314449,1344814,1377563,1399491
Tunisia,TUN,4178235,4461111,4845220,5291335,5786482,6374040,7135265,7880333,8613855,9267335,9708347,10022278,10414425,10846993,11303942,11818618
Turkey,TUR,27472339,30244258,33256465,36587267,40189561,43975972,48114158,52053764,55748946,59423278,63240196,67010930,70418612,74651046,79827868,84339067
Turkmenistan,TKM,1603254,1833065,2071793,2324019,2594315,2876809,3166215,3493892,3899843,4287337,4516128,4703396,4935765,5267906,5662371,6031187
Turks and Caicos Islands,TCA,5825,5851,5746,6156,7020,7894,9556,11091,13639,16930,20171,26709,31200,34067,36558,38718
Tuvalu,TUV,5321,5354,5598,5786,6319,7631,8110,8637,9110,9317,9392,9871,10315,10744,11232,11792
Uganda,UGA,6767092,7719108,8841156,9929644,11042975,12442333,14082870,16180129,18561668,21032817,23650159,26821300,30431734,34558700,39649173,45741000
Ukraine,UKR,42664646,44796959,46411816,47783006,49032729,49965872,50754000,51521000,52150400,51057800,49176500,47451626,46258189,45593342,45004673,44134693
United Arab Emirates,ARE,92417,138049,182620,330968,637926,1019507,1293970,1627068,2052892,2539121,3134067,4068577,7089486,9141598,9360975,9890400
United Kingdom,GBR,52400000,54000000,55211700,56086065,56211968,56314216,56422072,56928327,57580402,58166950,58892514,59987905,61806995,63700215,65611593,67215293
United States,USA,180671000,191889000,200706000,209896000,218035000,227225000,235825000,244499000,256514000,269394000,282162411,292805298,304093966,313877662,323071755,329484123
Upper middle income,UMC,1136464260,1210649304,1330348999,1462600916,1577700939,1676276374,1782261503,1897982987,2006684527,2099939308,2183135807,2251348403,2314543121,2380514071,2452128845,2513672792
Uruguay,URY,2538648,2665383,2774761,2821458,2841371,2915389,2992250,3068714,3154459,3247383,3319734,3321486,3340221,3378975,3424139,3473727
Uzbekistan,UZB,8526299,9762819,11294666,12796982,14242766,15898760,17615037,19443890,21449000,23225000,24650400,25864350,27302800,29774500,31847900,34232050
Vanuatu,VUT,63689,72116,80653,90802,103002,115598,127058,139319,155176,171721,184964,204123,224700,249505,278326,307150
"Venezuela, RB",VEN,8141839,9369101,10702281,12097696,13572210,15182616,16876703,18698850,20557694,22385650,24192449,25996594,27635827,29360827,29851249,28435943
Vietnam,VNM,32670048,36780001,41193588,45548476,49785278,54281841,59512619,65120432,70883488,76068739,79910411,83062819,86243424,89801926,93640435,97338583
Virgin Islands (U.S.),VIR,32500,40800,55700,76319,96166,99636,100600,100952,105712,108095,108642,108466,108397,108188,107516,106290
West Bank and Gaza,PSE,..,..,..,..,..,..,..,..,2163591,2587997,2922153,3236626,3591977,3979998,4367088,4803269
World,WLD,3032156070,3255145692,3532782993,3836900801,4135432265,4432963653,4755996689,5101287675,5452576447,5789655609,6114332517,6431551721,6757020825,7085790438,7424484741,7752840547
"Yemen, Rep.",YEM,5315351,5641598,6001858,6390573,6967944,7941903,9213078,10730864,12954157,15469274,17409071,19540096,21892149,24473176,27168210,29825968
Zambia,ZMB,3070780,3463211,3918872,4466170,5112823,5851818,6701547,7598270,8451346,9339740,10415942,11550641,12848531,14465148,16363449,18383956
Zimbabwe,ZWE,3776679,4322854,4941901,5673914,6502566,7408630,8562259,9849129,10900511,11541215,11881482,12019911,12379553,13115149,14030338,14862927
